wd22cd,ward,LAD22NM,turnout_26,turnout_22
E05013628,Barnet Vale,Barnet,0.49,0.42404745989304815
E05013629,Brunswick Park,Barnet,0.447,0.4135520069054812
E05013630,Burnt Oak,Barnet,0.294,0.2741887466507889
E05013631,Childs Hill,Barnet,0.397,0.3591336200031852
E05013632,Colindale North,Barnet,0.268,0.2506516668953217
E05013633,Colindale South,Barnet,0.303,0.27695709862892526
E05013634,Cricklewood,Barnet,0.311,0.3063048423789405
E05013635,East Barnet,Barnet,0.471,0.4259574123552749
E05013636,East Finchley,Barnet,0.461,0.4365532879818594
E05013637,Edgware,Barnet,0.428,0.3767835909631391
E05013638,Edgwarebury,Barnet,0.433,0.4360430003623626
E05013639,Finchley Church End,Barnet,0.463,0.40535755523054423
E05013640,Friern Barnet,Barnet,0.411,0.36645079766229666
E05013641,Garden Suburb,Barnet,0.519,0.4268441486411536
E05013642,Golders Green,Barnet,0.428,0.36828674167729963
E05013643,Hendon,Barnet,0.377,0.3426283002076535
E05013644,High Barnet,Barnet,0.519,0.4631025816769477
E05013645,Mill Hill,Barnet,0.445,0.3565537673152374
E05013646,Totteridge and Woodside,Barnet,0.449,0.400405131667792
E05013647,Underhill,Barnet,0.466,0.43351463950931607
E05013648,West Finchley,Barnet,0.456,0.4467134652201659
E05013649,West Hendon,Barnet,0.357,0.318480917465689
E05013650,Whetstone,Barnet,0.461,0.4329168244351887
E05013651,Woodhouse,Barnet,0.455,0.36540700751561345
E05011217,Barnehurst,Bexley,0.4707,0.3393279697113109
E05011218,Belvedere,Bexley,0.381,0.31322207958921694
E05011219,Bexleyheath,Bexley,0.4944,0.35487094088259785
E05011220,Blackfen and Lamorbey,Bexley,0.5088,0.32972392130930733
E05011221,Blendon and Penhill,Bexley,0.5219,0.33210205308822266
E05011222,Crayford,Bexley,0.4305,0.32559587335467804
E05011223,Crook Log,Bexley,0.5085,0.36107543454062846
E05011224,East Wickham,Bexley,0.4733,0.34502724795640327
E05011225,Erith,Bexley,0.3424,0.27878937007874016
E05011226,Falconwood and Welling,Bexley,0.474,0.31953255425709515
E05011227,Longlands,Bexley,0.53,0.36607608129233976
E05011228,Northumberland Heath,Bexley,0.4409,0.3563589412524209
E05011230,Sidcup,Bexley,0.4722,0.33067134708205353
E05011231,Slade Green and Northend,Bexley,0.3479,0.24343195266272188
E05011229,St Mary's and St James,Bexley,0.5224,0.3519716762300085
E05011232,Thamesmead East,Bexley,0.2948,0.24354902739182216
E05011233,West Heath,Bexley,0.5279,0.36014841048992324
E05013496,Alperton,Brent,0.4065,0.43362034441329594
E05013497,Barnhill,Brent,0.2991890205864005,0.2920055048167146
E05013498,Brondesbury Park,Brent,0.38722239764235344,0.31184596065299286
E05013499,Cricklewood and Mapesbury,Brent,0.3273701124799143,0.3032689610529723
E05013500,Dollis Hill,Brent,0.285385500575374,0.278181559070828
E05013501,Harlesden and Kensal Green,Brent,0.31138070479491625,0.2543365293127424
E05013502,Kenton,Brent,0.3911296675594769,0.35298262094880223
E05013503,Kilburn,Brent,0.3111879268189866,0.25195950359242325
E05013504,Kingsbury,Brent,0.33262606090863706,0.31246054791061734
E05013505,Northwick Park,Brent,0.3818527634817633,0.3341321465251626
E05013506,Preston,Brent,0.37260378316618004,0.34859376970614203
E05013507,Queens Park,Brent,0.39875687305761415,0.3136291600633914
E05013508,Queensbury,Brent,0.36802788844621515,0.34161902394564586
E05013509,Roundwood,Brent,0.293009284543965,0.2505791863590029
E05013510,Stonebridge,Brent,0.255362754474655,0.22320311925255645
E05013511,Sudbury,Brent,0.39093959731543626,0.3683982683982684
E05013512,Tokyngton,Brent,0.3485380116959064,0.3396148555708391
E05013513,Welsh Harp,Brent,0.3189612934835865,0.27043569300153014
E05013514,Wembley Central,Brent,0.42603458925262505,0.36793208393400606
E05013515,Wembley Hill,Brent,0.3268407721198358,0.300669172243102
E05013516,Wembley Park,Brent,0.22886354699174205,0.2099726488533558
E05013517,Willesden Green,Brent,0.358277000471624,0.30929286608260326
E05013987,Beckenham Town and Copers Cope,Bromley,0.5010045808888531,0.42901208837015425
E05013988,Bickley and Sundridge,Bromley,0.513119319847552,0.3856642575068922
E05013989,Biggin Hill,Bromley,0.5395998579377294,0.37433471318746303
E05013990,Bromley Common and Holwood,Bromley,0.4709897610921502,0.32174349415728726
E05013991,Bromley Town,Bromley,0.46458222928811166,0.3791068440059896
E05013992,Chelsfield,Bromley,0.5865978224267595,0.40722477064220186
E05013993,Chislehurst,Bromley,0.508544087491456,0.41473738769868695
E05013994,Clock House,Bromley,0.5183686176836861,0.4140902980944097
E05013995,Crystal Palace and Anerley,Bromley,0.4167526068522975,0.306102949958199
E05013996,Darwin,Bromley,0.5541195476575121,0.38434331525583587
E05013997,Farnborough and Crofton,Bromley,0.5431368251881072,0.4012866015971606
E05013998,Hayes and Coney Hall,Bromley,0.5680670900504804,0.40137122088220717
E05013999,Kelsey and Eden Park,Bromley,0.5353942283975993,0.39460428583625035
E05014000,Mottingham,Bromley,0.39603960396039606,0.29443135309438173
E05014001,Orpington,Bromley,0.48263740945888367,0.3736156351791531
E05014002,Penge and Cator,Bromley,0.4443097547062179,0.3577301424166789
E05014003,Petts Wood and Knoll,Bromley,0.5662061471592673,0.4253975678203929
E05014004,Plaistow,Bromley,0.4547770700636943,0.37525311733987
E05014005,Shortlands and Park Langley,Bromley,0.5377592696404261,0.39001360326478357
E05014006,St Mary Cray,Bromley,0.4058076754705968,0.30856973557514256
E05014007,St Paul's Cray,Bromley,0.3683490162532079,0.2381482115351703
E05014008,West Wickham,Bromley,0.5639418473056499,0.392263759086189
E05011462,Addiscombe East,Croydon,0.4801,0.43042399639152007
E05011463,Addiscombe West,Croydon,0.3897,0.32011667122413634
E05011464,Bensham Manor,Croydon,0.3277,0.2817353579175705
E05011465,Broad Green,Croydon,0.3208,0.26517595858032567
E05011466,Coulsdon Town,Croydon,0.4872,0.3932694889465676
E05011467,Crystal Palace and Upper Norwood,Croydon,0.4683,0.37917581077785906
E05011468,Fairfield,Croydon,0.311,0.2445095168374817
E05011469,Kenley,Croydon,0.4714,0.39431303472571716
E05011470,New Addington North,Croydon,0.3244,0.2562925879571687
E05011471,New Addington South,Croydon,0.3623,0.26821068360104594
E05011472,Norbury and Pollards Hill,Croydon,0.3666,0.30961098398169334
E05011473,Norbury Park,Croydon,0.3837,0.35330948121645794
E05011474,Old Coulsdon,Croydon,0.5276,0.45794392523364486
E05011475,Park Hill and Whitgift,Croydon,0.471,0.4207104713257488
E05011476,Purley and Woodcote,Croydon,0.4272,0.3741713920613369
E05011477,Purley Oaks and Riddlesdown,Croydon,0.4724,0.3941294530858003
E05011478,Sanderstead,Croydon,0.544,0.4836003690965523
E05011479,Selhurst,Croydon,0.3012,0.2608489447474508
E05011480,Selsdon and Addington Village,Croydon,0.4876,0.41686505450444805
E05011481,Selsdon Vale and Forestdale,Croydon,0.4894,0.4089792576419214
E05011482,Shirley North,Croydon,0.4403,0.3538133787814231
E05011483,Shirley South,Croydon,0.4932,0.3877775067089534
E05011484,South Croydon,Croydon,0.4529,0.384115523465704
E05011485,South Norwood,Croydon,0.3667,0.3038994800693241
E05011486,Thornton Heath,Croydon,0.3517,0.30235738997505834
E05011487,Waddon,Croydon,0.3755,0.31677695601401323
E05011488,West Thornton,Croydon,0.3369,0.2714672614306197
E05011489,Woodside,Croydon,0.3844,0.33124695171516827
E05013518,Central Greenford,Ealing,0.3881,0.3723695286195286
E05013519,Dormers Wells,Ealing,0.394,0.37266298556621136
E05013520,Ealing Broadway,Ealing,0.5011,0.4247356417167738
E05013521,Ealing Common,Ealing,0.4666,0.4576377670077185
E05013522,East Acton,Ealing,0.3967,0.33319755600814666
E05013523,Greenford Broadway,Ealing,0.3709,0.3341363311920057
E05013524,Hanger Hill,Ealing,0.4304,0.4193518857561333
E05013525,Hanwell Broadway,Ealing,0.4938,0.4345743088132548
E05013526,Lady Margaret,Ealing,0.386,0.3848897832250983
E05013527,North Acton,Ealing,0.3754,0.3070756036170411
E05013528,North Greenford,Ealing,0.4359,0.3840894965817278
E05013529,North Hanwell,Ealing,0.4925,0.4079601990049751
E05013530,Northfield,Ealing,0.5707,0.537260677466863
E05013531,Northolt Mandeville,Ealing,0.3728,0.37056016964127936
E05013532,Northolt West End,Ealing,0.355,0.32298673842014225
E05013533,Norwood Green,Ealing,0.4012,0.3698933000096126
E05013534,Perivale,Ealing,0.423,0.41237300435413643
E05013535,Pitshanger,Ealing,0.5048,0.4806163985268463
E05013536,South Acton,Ealing,0.3787,0.34797595898886335
E05013537,Southall Broadway,Ealing,0.4494,0.41826274615592124
E05013538,Southall Green,Ealing,0.4202,0.42801519468186133
E05013539,Southall West,Ealing,0.4392,0.4507042253521127
E05013540,Southfield,Ealing,0.481,0.441740798883656
E05013541,Walpole,Ealing,0.5561,0.5035893401514406
E05013672,Arnos Grove,Enfield,0.49,0.470994697091435
E05013673,Bowes,Enfield,0.377,0.3300423131170663
E05013674,Brimsdown,Enfield,0.351,0.32013390722142515
E05013675,Bullsmoor,Enfield,0.397,0.3163841807909605
E05013676,Bush Hill Park,Enfield,0.51,0.4227616972715012
E05013677,Carterhatch,Enfield,0.357,0.30712429919321754
E05013678,Cockfosters,Enfield,0.471,0.383912985094669
E05013679,Edmonton Green,Enfield,0.335,0.3054541962742462
E05013680,Enfield Lock,Enfield,0.346,0.30689218523878437
E05013681,Grange Park,Enfield,0.556,0.47067949115730684
E05013682,Haselbury,Enfield,0.343,0.3000884955752212
E05013683,Highfield,Enfield,0.444,0.35532167210198634
E05013684,Jubilee,Enfield,0.354,0.3234517170531259
E05013685,Lower Edmonton,Enfield,0.326,0.28463986115128725
E05013686,New Southgate,Enfield,0.427,0.40707610146862483
E05013687,Oakwood,Enfield,0.497,0.41605723370429254
E05013688,Palmers Green,Enfield,0.46,0.4319436775262286
E05013689,Ponders End,Enfield,0.323,0.3161187275389325
E05013690,Ridgeway,Enfield,0.54,0.4607677705125501
E05013691,Southbury,Enfield,0.43,0.3497854077253219
E05013692,Southgate,Enfield,0.47,0.4448948079521328
E05013693,Town,Enfield,0.519,0.44411949028619174
E05013694,Upper Edmonton,Enfield,0.32,0.30609057782404997
E05013695,Whitewebbs,Enfield,0.53,0.4567088607594937
E05013696,Winchmore Hill,Enfield,0.5,0.4784939032560632
E05013733,Addison,Hammersmith and Fulham,0.34299999999999997,0.30671894492960255
E05013734,Avonmore,Hammersmith and Fulham,0.392,0.33817348108521206
E05013735,Brook Green,Hammersmith and Fulham,0.455,0.377034677990092
E05013736,College Park and Old Oak,Hammersmith and Fulham,0.31,0.27166314420419446
E05013737,Coningham,Hammersmith and Fulham,0.385,0.3014870377681274
E05013738,Fulham Reach,Hammersmith and Fulham,0.41,0.35592802563470544
E05013739,Fulham Town,Hammersmith and Fulham,0.396,0.3395026026604974
E05013740,Grove,Hammersmith and Fulham,0.431,0.38477801268498946
E05013741,Hammersmith Broadway,Hammersmith and Fulham,0.397,0.3139872315728381
E05013742,Lillie,Hammersmith and Fulham,0.373,0.3024431339511373
E05013743,Munster,Hammersmith and Fulham,0.384,0.3380736137667304
E05013744,Palace and Hurlingham,Hammersmith and Fulham,0.45899999999999996,0.38700980392156864
E05013745,Parsons Green and Sandford,Hammersmith and Fulham,0.413,0.3199704415296508
E05013746,Ravenscourt,Hammersmith and Fulham,0.466,0.4293842714895347
E05013747,Sands End,Hammersmith and Fulham,0.35,0.3254639737991266
E05013748,Shepherd's Bush Green,Hammersmith and Fulham,0.38799999999999996,0.2870273109243697
E05013749,Walham Green,Hammersmith and Fulham,0.397,0.31888246628131023
E05013750,Wendell Park,Hammersmith and Fulham,0.45399999999999996,0.40887540299639674
E05013751,West Kensington,Hammersmith and Fulham,0.33799999999999997,0.3015655874753002
E05013752,White City,Hammersmith and Fulham,0.38,0.2746061569590981
E05013753,Wormholt,Hammersmith and Fulham,0.381,0.29873717442778214
E05013652,Belsize,Camden,0.3921,0.3840178886665882
E05013653,Bloomsbury,Camden,0.33759999999999996,0.30188947293649665
E05013654,Camden Square,Camden,0.3689,0.3182227019248066
E05013655,Camden Town,Camden,0.32420000000000004,0.2919511690461411
E05013656,Fortune Green,Camden,0.37479999999999997,0.3717112922002328
E05013657,Frognal,Camden,0.3906,0.33899887934254763
E05013658,Gospel Oak,Camden,0.3918,0.3350022758306782
E05013659,Hampstead Town,Camden,0.4814,0.4334339369550637
E05013660,Haverstock,Camden,0.3799,0.4505365526492287
E05013661,Highgate,Camden,0.5265,0.4897208121827411
E05013662,Holborn and Covent Garden,Camden,0.374,0.32936159538442245
E05013663,Kentish Town North,Camden,0.4959,0.40314704286489417
E05013664,Kentish Town South,Camden,0.41259999999999997,0.3582210242587601
E05013665,Kilburn,Camden,0.3044,0.2959421355890646
E05013666,King's Cross,Camden,0.3193,0.2739687055476529
E05013667,Primrose Hill,Camden,0.3907,0.36473569042957504
E05013668,Regent's Park,Camden,0.35119999999999996,0.3031954421600198
E05013670,South Hampstead,Camden,0.3954,0.36649091974223785
E05013669,St Pancras and Somers Town,Camden,0.3281,0.3289855072463768
E05013671,West Hampstead,Camden,0.36460000000000004,0.35856374327536594
E05014072,Abbey Wood,Greenwich,0.37017681386638795,0.2796587337224966
E05014073,Blackheath Westcombe,Greenwich,0.5381668946648427,0.46346949793053804
E05014074,Charlton Hornfair,Greenwich,0.48011363636363635,0.34453461831093074
E05014075,Charlton Village and Riverside,Greenwich,0.3457700650759219,0.33182613768961494
E05014076,East Greenwich,Greenwich,0.4335697852760736,0.3955194678145177
E05014077,Eltham Page,Greenwich,0.40485407980941035,0.31618084473527663
E05014078,Eltham Park and Progress,Greenwich,0.5771061093247588,0.4833418107833164
E05014079,Eltham Town and Avery Hill,Greenwich,0.5011466837904779,0.3805942773294204
E05014080,Greenwich Creekside,Greenwich,0.4162207828780625,0.3179415855354659
E05014081,Greenwich Park,Greenwich,0.49294628323385786,0.3964998632759092
E05014082,Greenwich Peninsula,Greenwich,0.34797759800871186,0.27999455263516276
E05014083,Kidbrooke Park,Greenwich,0.42010771992818674,0.3150836444075764
E05014084,Kidbrooke Village and Sutcliffe,Greenwich,0.3835781847454216,0.3248552002014606
E05014085,Middle Park and Horn Park,Greenwich,0.40748061426182147,0.3151840490797546
E05014086,"Mottingham, Coldharbour and New Eltham",Greenwich,0.4627281460134486,0.38238104337855916
E05014087,Plumstead and Glyndon,Greenwich,0.3714050267820354,0.29584191025113216
E05014088,Plumstead Common,Greenwich,0.4348733516744142,0.32373828235962504
E05014089,Shooters Hill,Greenwich,0.4338300853394472,0.3562324751465715
E05014090,Thamesmead Moorings,Greenwich,0.3214013709063214,0.2360879064387611
E05014091,West Thamesmead,Greenwich,0.30330855560413933,0.2379136800366021
E05014092,Woolwich Arsenal,Greenwich,0.36864742501414827,0.29160195914466613
E05014093,Woolwich Common,Greenwich,0.3178544822448473,0.2485022466300549
E05014094,Woolwich Dockyard,Greenwich,0.3589810581319399,0.2874746106973595
E05009367,Brownswood,Hackney,0.4501,0.3529590750038034
E05009368,Cazenove,Hackney,0.4165,0.39223861449647207
E05009369,Clissold,Hackney,0.4663,0.38059384941675506
E05009370,Dalston,Hackney,0.4055,0.3776967930029155
E05009371,De Beauvoir,Hackney,0.4226,0.3335845643653904
E05009372,Hackney Central,Hackney,0.3953,0.3338600927096502
E05009373,Hackney Downs,Hackney,0.4367,0.3995142042454325
E05009374,Hackney Wick,Hackney,0.3764,0.30027397260273975
E05009375,Haggerston,Hackney,0.3664,0.28878495372673896
E05009376,Homerton,Hackney,0.3996,0.3095869229070024
E05009377,Hoxton East and Shoreditch,Hackney,0.3356,0.24490762671719565
E05009378,Hoxton West,Hackney,0.3176,0.2657192516102648
E05009379,King's Park,Hackney,0.4289,0.31892297790173785
E05009380,Lea Bridge,Hackney,0.4347,0.31620397716085846
E05009381,London Fields,Hackney,0.4344,0.3337707786526684
E05009382,Shacklewell,Hackney,0.44,0.34028662420382166
E05009383,Springfield,Hackney,0.3803,0.40201158183480645
E05009384,Stamford Hill West,Hackney,0.4629,0.49236700077101003
E05009385,Stoke Newington,Hackney,0.4812,0.38621858795372954
E05009386,Victoria,Hackney,0.4233,0.3302065884980458
E05009387,Woodberry Down,Hackney,0.3804,0.3001699568571055
E05013605,Woodside,Haringey,0.36275007616532956,0.3033431661750246
E05013604,White Hart Lane,Haringey,0.3402697898149116,0.29552549427679503
E05013603,West Green,Haringey,0.3941217775102819,0.29323604811674225
E05013602,Tottenham Hale,Haringey,0.3727315030246626,0.27146373244534533
E05013601,Tottenham Central,Haringey,0.40798451980853445,0.2757279617072198
E05013600,Stroud Green,Haringey,0.553072625698324,0.43913642627468996
E05013597,St Ann's,Haringey,0.4221060492905153,0.3141580161476355
E05013599,South Tottenham,Haringey,0.35182049110922947,0.2680559812033916
E05013598,Seven Sisters,Haringey,0.4012654012654013,0.2832548318986519
E05013596,Northumberland Park,Haringey,0.3195212826013323,0.2582881906825569
E05013595,Noel Park,Haringey,0.3555075169499853,0.27340346403145255
E05013594,Muswell Hill,Haringey,0.5573670577479811,0.4735646114225117
E05013593,Hornsey,Haringey,0.5020163097051707,0.39928730512249444
E05013592,Highgate,Haringey,0.5068535504483149,0.4006072874493927
E05013591,Hermitage and Gardens,Haringey,0.4617577197149644,0.3001531393568147
E05013590,Harringay,Haringey,0.468792666276575,0.37218730995337523
E05013589,Fortis Green,Haringey,0.5356877717679499,0.45412298713930616
E05013588,Crouch End,Haringey,0.5426446440645224,0.4507761839261151
E05013587,Bruce Castle,Haringey,0.32717340771734077,0.25431131019036957
E05013586,Bounds Green,Haringey,0.4750074382624219,0.3740546829552065
E05013585,Alexandra Park,Haringey,0.6042813455657492,0.5069273399014779
E05013542,Belmont,Harrow,0.4466,0.4210681616996164
E05013543,Canons,Harrow,0.45,0.36745182012847966
E05013544,Centenary,Harrow,0.41,0.3945651115223532
E05013545,Edgware,Harrow,0.41,0.36685239232333955
E05013546,Greenhill,Harrow,0.342,0.29759245470340034
E05013547,Harrow on the Hill,Harrow,0.41,0.3907777013076394
E05013548,Harrow Weald,Harrow,0.39,0.3616376042456406
E05013549,Hatch End,Harrow,0.47,0.3985994397759104
E05013550,Headstone,Harrow,0.45,0.405162228483141
E05013551,Kenton East,Harrow,0.41,0.40302638863258905
E05013552,Kenton West,Harrow,0.44,0.43545516769336073
E05013553,Marlborough,Harrow,0.38,0.31959824877671905
E05013554,North Harrow,Harrow,0.47,0.39937106918238996
E05013555,Pinner,Harrow,0.46,0.3925758172508862
E05013556,Pinner South,Harrow,0.49,0.4114777363846017
E05013557,Rayners Lane,Harrow,0.46,0.4508498583569405
E05013558,Roxbourne,Harrow,0.39,0.3334297281665703
E05013559,Roxeth,Harrow,0.41,0.3481341944743452
E05013560,Stanmore,Harrow,0.41,0.35597349444552717
E05013561,Wealdstone North,Harrow,0.37,0.3274093339112845
E05013562,Wealdstone South,Harrow,0.4,0.32941176470588235
E05013563,West Harrow,Harrow,0.38,0.3996904895891953
E05013967,Beam Park,Havering,0.3263,0.3007844197998377
E05013968,Cranham,Havering,0.5449,0.41341463414634144
E05013969,Elm Park,Havering,0.4756,0.35509764978483943
E05013970,Emerson Park,Havering,0.5279,0.4116834691340975
E05013971,Gooshays,Havering,0.35259999999999997,0.2346368715083799
E05013972,Hacton,Havering,0.5123,0.41196388261851014
E05013973,Harold Wood,Havering,0.4819,0.3559984368894099
E05013974,Havering-atte-Bower,Havering,0.4214,0.29181833940024265
E05013975,Heaton,Havering,0.322,0.23878524945770066
E05013976,Hylands and Harrow Lodge,Havering,0.5031,0.3785707595766601
E05013977,Marshalls and Rise Park,Havering,0.518,0.4113583257137052
E05013978,Mawneys,Havering,0.45030000000000003,0.3356319574426165
E05013979,Rainham and Wennington,Havering,0.4497,0.351169530117988
E05013980,Rush Green and Crowlands,Havering,0.3995,0.32836110034870203
E05013984,South Hornchurch,Havering,0.42619999999999997,0.31802215617400703
E05013985,Squirrels Heath,Havering,0.4978,0.3856147294158135
E05013981,St Alban's,Havering,0.4395,0.36861181587531716
E05013982,St Andrew's,Havering,0.5052,0.3897580498453702
E05013983,St Edward's,Havering,0.42590000000000006,0.32865895166780124
E05013986,Upminster,Havering,0.564,0.4230138044212762
E05013564,Belmore,Hillingdon,0.3411,0.3463810930576071
E05013565,Charville,Hillingdon,0.4351,0.38699934340118186
E05013566,Colham and Cowley,Hillingdon,0.39740000000000003,0.3650426742532006
E05013567,Eastcote,Hillingdon,0.5022,0.42107788261634416
E05013568,Harefield Village,Hillingdon,0.5344,0.3994624969460054
E05013569,Hayes Town,Hillingdon,0.3075,0.283079909414429
E05013570,Heathrow Villages,Hillingdon,0.3387,0.2959508912761185
E05013571,Hillingdon East,Hillingdon,0.41409999999999997,0.34098485570054293
E05013572,Hillingdon West,Hillingdon,0.33935860058309036,0.3164080865068171
E05013573,Ickenham and South Harefield,Hillingdon,0.5131,0.41221640488656197
E05013574,Northwood,Hillingdon,0.435,0.38472998137802605
E05013575,Northwood Hills,Hillingdon,0.4637,0.35370969675176794
E05013576,Pinkwell,Hillingdon,0.34119999999999995,0.29317155756207675
E05013577,Ruislip,Hillingdon,0.5287,0.4175032175032175
E05013578,Ruislip Manor,Hillingdon,0.5316,0.41584925141972123
E05013579,South Ruislip,Hillingdon,0.4539,0.3587648374333391
E05013580,Uxbridge,Hillingdon,0.42119999999999996,0.39006199147617204
E05013581,West Drayton,Hillingdon,0.386,0.3407992973210365
E05013582,Wood End,Hillingdon,0.33390000000000003,0.28237089799033327
E05013583,Yeading,Hillingdon,0.34409999999999996,0.2826747720364742
E05013584,Yiewsley,Hillingdon,0.33140000000000003,0.33570432357043234
E05013606,Bedfont,Hounslow,0.4017,0.31798375916022975
E05013607,Brentford East,Hounslow,0.319,0.2848419540229885
E05013608,Brentford West,Hounslow,0.4551,0.36063762626262624
E05013609,Chiswick Gunnersbury,Hounslow,0.4603,0.40831186288786825
E05013610,Chiswick Homefields,Hounslow,0.4891,0.4275347912524851
E05013611,Chiswick Riverside,Hounslow,0.4921,0.4064462118041021
E05013612,Cranford,Hounslow,0.3674,0.30565003779289496
E05013613,Feltham North,Hounslow,0.427,0.33642943305186973
E05013614,Feltham West,Hounslow,0.4048,0.2833098260460743
E05013615,Hanworth Park,Hounslow,0.4141,0.30780243378668576
E05013616,Hanworth Village,Hounslow,0.3776,0.2727606124507197
E05013617,Heston Central,Hounslow,0.3788,0.3131578947368421
E05013618,Heston East,Hounslow,0.3745,0.3166058394160584
E05013619,Heston West,Hounslow,0.3598,0.283999212753395
E05013620,Hounslow Central,Hounslow,0.3965,0.30945515252693884
E05013621,Hounslow East,Hounslow,0.389,0.33406630581867386
E05013622,Hounslow Heath,Hounslow,0.3949,0.35330539150314344
E05013623,Hounslow South,Hounslow,0.4358,0.36831462946112625
E05013624,Hounslow West,Hounslow,0.3969,0.3219540340417348
E05013625,Isleworth,Hounslow,0.4461,0.3646909934612951
E05013626,Osterley and Spring Grove,Hounslow,0.4042,0.3429434109282166
E05013627,Syon and Brentford Lock,Hounslow,0.4053,0.33301274344794424
E05013697,Arsenal,Islington,0.4606,0.36867629229582277
E05013698,Barnsbury,Islington,0.4725,0.37102682263972586
E05013699,Bunhill,Islington,0.3772,0.30297527587651907
E05013700,Caledonian,Islington,0.4196,0.3200386420093845
E05013701,Canonbury,Islington,0.4161,0.33824833702882484
E05013702,Clerkenwell,Islington,0.4392,0.33723838357246283
E05013703,Finsbury Park,Islington,0.4234,0.3185449050086356
E05013704,Highbury,Islington,0.4958,0.4473631441748546
E05013705,Hillrise,Islington,0.4446,0.3635425462050849
E05013706,Holloway,Islington,0.4384,0.3564903846153846
E05013707,Junction,Islington,0.4244,0.35538478672457957
E05013708,Laycock,Islington,0.4052,0.33052138254247215
E05013709,Mildmay,Islington,0.4334,0.33665939091570524
E05013710,St Mary's and St James',Islington,0.4597,0.4116864263247036
E05013711,St Peter's and Canalside,Islington,0.3958,0.33066736593680346
E05013712,Tollington,Islington,0.4851,0.36204228984012377
E05013713,Tufnell Park,Islington,0.4987,0.44117310115706265
E05009388,Abingdon,Kensington and Chelsea,0.37,0.32152947824449046
E05009389,Brompton and Hans Town,Kensington and Chelsea,0.33,0.2891416385285232
E05009390,Campden,Kensington and Chelsea,0.4,0.3564245810055866
E05009391,Chelsea Riverside,Kensington and Chelsea,0.393,0.3587608261159227
E05009392,Colville,Kensington and Chelsea,0.341,0.2962252079334613
E05009393,Courtfield,Kensington and Chelsea,0.339,0.32766812865497075
E05009394,Dalgarno,Kensington and Chelsea,0.369,0.3166923246096327
E05009395,Earl's Court,Kensington and Chelsea,0.41,0.3418860379873376
E05009396,Golborne,Kensington and Chelsea,0.289,0.2548019717831039
E05009397,Holland,Kensington and Chelsea,0.41,0.35896520963425516
E05009398,Norland,Kensington and Chelsea,0.429,0.4162978391043999
E05009399,Notting Dale,Kensington and Chelsea,0.353,0.3063755458515284
E05009400,Pembridge,Kensington and Chelsea,0.43,0.3648080694872513
E05009401,Queen's Gate,Kensington and Chelsea,0.361,0.3472634705133644
E05009402,Redcliffe,Kensington and Chelsea,0.344,0.30554193231976456
E05009403,Royal Hospital,Kensington and Chelsea,0.406,0.3271514559947942
E05009404,St Helen's,Kensington and Chelsea,0.435,0.3621973929236499
E05009405,Stanley,Kensington and Chelsea,0.358,0.3014393195943736
E05013928,Alexandra,Kingston upon Thames,0.5521,0.5093054925102134
E05013929,Berrylands,Kingston upon Thames,0.5735,0.5445048056832428
E05013930,Canbury Gardens,Kingston upon Thames,0.48700000000000004,0.46397957322633593
E05013931,Chessington South and Malden Rushett,Kingston upon Thames,0.46259999999999996,0.4038011293210302
E05013932,Coombe Hill,Kingston upon Thames,0.4338,0.38516792855756166
E05013933,Coombe Vale,Kingston upon Thames,0.5242,0.5050698821594958
E05013934,Green Lane and St James,Kingston upon Thames,0.502,0.4809390480292914
E05013935,Hook and Chessington North,Kingston upon Thames,0.44780000000000003,0.4117272147864882
E05013936,King George's and Sunray,Kingston upon Thames,0.44020000000000004,0.40057156465825194
E05013937,Kingston Gate,Kingston upon Thames,0.4885,0.4791018531042878
E05013938,Kingston Town,Kingston upon Thames,0.45,0.41890503449288125
E05013939,Motspur Park and Old Malden East,Kingston upon Thames,0.5019,0.4693994280266921
E05013940,New Malden Village,Kingston upon Thames,0.5175,0.42829457364341084
E05013941,Norbiton,Kingston upon Thames,0.42460000000000003,0.43050945302352434
E05013942,Old Malden,Kingston upon Thames,0.5216,0.4843940008107013
E05013943,St Mark's and Seething Wells,Kingston upon Thames,0.4561,0.46410586719756414
E05013944,Surbiton Hill,Kingston upon Thames,0.4629,0.4218970607110769
E05013945,Tolworth,Kingston upon Thames,0.4661,0.44278542927017633
E05013946,Tudor,Kingston upon Thames,0.5524,0.5597532767925983
E05014095,Brixton Acre Lane,Lambeth,0.4119,0.29447245228664026
E05014096,Brixton North,Lambeth,0.3129,0.2581661117610006
E05014097,Brixton Rush Common,Lambeth,0.4262,0.3092899242211619
E05014098,Brixton Windrush,Lambeth,0.3927,0.2699796570764313
E05014099,Clapham Common and Abbeville,Lambeth,0.4365,0.3927076299797434
E05014100,Clapham East,Lambeth,0.3093,0.23324862912932995
E05014101,Clapham Park,Lambeth,0.3306,0.25636550308008216
E05014102,Clapham Town,Lambeth,0.3827,0.3071748878923767
E05014103,Gipsy Hill,Lambeth,0.4219,0.3727969348659004
E05014104,Herne Hill and Loughborough Junction,Lambeth,0.4705,0.41349389056136
E05014105,Kennington,Lambeth,0.4063,0.34281023159350155
E05014106,Knight's Hill,Lambeth,0.4181,0.31637791243492364
E05014107,Myatt's Fields,Lambeth,0.3709,0.28679892236100907
E05014108,Oval,Lambeth,0.4031,0.3062953995157385
E05014109,St Martin's,Lambeth,0.3789,0.29872822781310476
E05014110,Stockwell East,Lambeth,0.3897,0.29755023396641894
E05014111,Stockwell West and Larkhall,Lambeth,0.3224,0.2694692144373673
E05014112,Streatham Common and Vale,Lambeth,0.3889,0.2857142857142857
E05014113,Streatham Hill East,Lambeth,0.4373,0.3080885423917583
E05014114,Streatham Hill West and Thornton,Lambeth,0.4465,0.4166771159874608
E05014115,Streatham St Leonard's,Lambeth,0.3921,0.33826931975937063
E05014116,Streatham Wells,Lambeth,0.4321,0.3243960340734534
E05014117,Vauxhall,Lambeth,0.3111,0.26575468798032587
E05014118,Waterloo and South Bank,Lambeth,0.3474,0.32421495629653607
E05014119,West Dulwich,Lambeth,0.496,0.40228653090389427
E05014053,Abbey,Barking and Dagenham,0.3191,0.2662384011420414
E05014054,Alibon,Barking and Dagenham,0.3322,0.22731453096259963
E05014055,Barking Riverside,Barking and Dagenham,0.2835,0.24498923306277953
E05014056,Beam,Barking and Dagenham,0.2967,0.26227022929694904
E05014057,Becontree,Barking and Dagenham,0.3463,0.23220738413197173
E05014058,Chadwell Heath,Barking and Dagenham,0.3162,0.26188091263216473
E05014059,Eastbrook and Rush Green,Barking and Dagenham,0.4051,0.2714518760195759
E05014060,Eastbury,Barking and Dagenham,0.3368,0.21143312419081764
E05014061,Gascoigne,Barking and Dagenham,0.3055,0.24240074441687345
E05014062,Goresbrook,Barking and Dagenham,0.3515,0.22002709415217883
E05014063,Heath,Barking and Dagenham,0.3292,0.2313167259786477
E05014064,Longbridge,Barking and Dagenham,0.4364,0.3435328401703654
E05014065,Mayesbrook,Barking and Dagenham,0.332,0.20606629143214508
E05014066,Northbury,Barking and Dagenham,0.303,0.23604447045055588
E05014067,Parsloes,Barking and Dagenham,0.3653,0.21920289855072464
E05014068,Thames View,Barking and Dagenham,0.3482,0.2844294547498595
E05014069,Valence,Barking and Dagenham,0.3281,0.21282234226888186
E05014070,Village,Barking and Dagenham,0.3682,0.26195278206192907
E05014071,Whalebone,Barking and Dagenham,0.3319,0.2720271800679502
E05013714,Bellingham,Lewisham,0.305628964059197,0.23007417397167904
E05013715,Blackheath,Lewisham,0.45600540951737,0.3852029487521094
E05013716,Brockley,Lewisham,0.4349754091752,0.34227142271422717
E05013717,Catford South,Lewisham,0.397802014819749,0.31527545909849747
E05013718,Crofton Park,Lewisham,0.516073686111613,0.40915764360433104
E05013719,Deptford,Lewisham,0.391657922350472,0.29558160504959424
E05013720,Downham,Lewisham,0.314086650116121,0.25253357501853835
E05013721,Evelyn,Lewisham,0.353768446073091,0.26696006869901245
E05013722,Forest Hill,Lewisham,0.483523334520841,0.37796936622947813
E05013723,Grove Park,Lewisham,0.387370922050626,0.30818020707023597
E05013724,Hither Green,Lewisham,0.397334723049434,0.32011288231256196
E05013725,Ladywell,Lewisham,0.489183021451392,0.4124988358014343
E05013726,Lee Green,Lewisham,0.477578906851424,0.4195357833655706
E05013727,Lewisham Central,Lewisham,0.383690538421328,0.29197636744806554
E05013728,New Cross Gate,Lewisham,0.38327789537345,0.2919853166105843
E05013729,Perry Vale,Lewisham,0.470431742170873,0.36349368280624655
E05013730,Rushey Green,Lewisham,0.414404839764552,0.32098555649957516
E05013731,Sydenham,Lewisham,0.426520681265207,0.3460538455086807
E05013732,Telegraph Hill,Lewisham,0.456073211314476,0.3452266991558611
E05013810,Abbey,Merton,0.47,0.4664683612763656
E05013811,Cannon Hill,Merton,0.55,0.5004134509371555
E05013812,Colliers Wood,Merton,0.47,0.3728138945844892
E05013813,Cricket Green,Merton,0.37,0.31873689404218575
E05013814,Figge's Marsh,Merton,0.36,0.3296398891966759
E05013815,Graveney,Merton,0.38,0.35319200779727095
E05013816,Hillside,Merton,0.49,0.4358034970857619
E05013817,Lavender Fields,Merton,0.36,0.2973917384250593
E05013818,Longthornton,Merton,0.37,0.3228444003964321
E05013819,Lower Morden,Merton,0.52,0.4319857312722949
E05013820,Merton Park,Merton,0.52,0.5029811195760185
E05013821,Pollards Hill,Merton,0.35,0.3052203890667323
E05013822,Ravensbury,Merton,0.45,0.3306969109088196
E05013823,Raynes Park,Merton,0.49,0.47125506072874496
E05013824,St Helier,Merton,0.41,0.3047392110140323
E05013825,Village,Merton,0.53,0.44769140853302164
E05013826,Wandle,Merton,0.51,0.46773162939297125
E05013827,West Barnes,Merton,0.49,0.4751585623678647
E05013828,Wimbledon Park,Merton,0.47,0.446640826873385
E05013829,Wimbledon Town and Dundonald,Merton,0.51,0.51193724420191
E05013904,Beckton,Newham,0.3029,0.2799391229905831
E05013905,Boleyn,Newham,0.4304,0.3031827515400411
E05013906,Canning Town North,Newham,0.3126,0.26883098391001
E05013907,Canning Town South,Newham,0.3114,0.22826304217469517
E05013908,Custom House,Newham,0.3131,0.23240348907504965
E05013909,East Ham,Newham,0.37799999999999995,0.3083817089316631
E05013910,East Ham South,Newham,0.39299999999999996,0.3088512241054614
E05013911,Forest Gate North,Newham,0.41479999999999995,0.32749102953353576
E05013912,Forest Gate South,Newham,0.36829999999999996,0.2746683068271681
E05013913,Green Street East,Newham,0.382,0.34495859717486604
E05013914,Green Street West,Newham,0.37070000000000003,0.30223616310836793
E05013915,Little Ilford,Newham,0.3685,0.328971314671982
E05013916,Manor Park,Newham,0.3812,0.3302429979506197
E05013917,Maryland,Newham,0.3348,0.27145612343297976
E05013918,Plaistow North,Newham,0.3369,0.28384765082012786
E05013919,Plaistow South,Newham,0.3553,0.2837459131247081
E05013920,Plaistow West and Canning Town East,Newham,0.31670000000000004,0.25845477041517734
E05013921,Plashet,Newham,0.4017,0.3510237068965517
E05013922,Royal Albert,Newham,0.2867,0.21428571428571427
E05013923,Royal Victoria,Newham,0.2671,0.19923252437253683
E05013924,Stratford,Newham,0.2972,0.2281423378611058
E05013925,Stratford Olympic Park,Newham,0.3136,0.33961290322580645
E05013926,Wall End,Newham,0.396,0.35003718854592786
E05013927,West Ham,Newham,0.3093,0.2685240071132187
E05011234,Aldborough,Redbridge,0.431,0.3425031704223978
E05011235,Barkingside,Redbridge,0.451,0.3741560390097524
E05011236,Bridge,Redbridge,0.455,0.35511571892344745
E05011237,Chadwell,Redbridge,0.388,0.28774241440103926
E05011238,Churchfields,Redbridge,0.487,0.4566154422788606
E05011239,Clayhall,Redbridge,0.439,0.35179250951331864
E05011240,Clementswood,Redbridge,0.345,0.2765766774952392
E05011241,Cranbrook,Redbridge,0.385,0.2937286689419795
E05011242,Fairlop,Redbridge,0.42,0.34471496437054633
E05011243,Fullwell,Redbridge,0.423,0.32898265689254425
E05011244,Goodmayes,Redbridge,0.345,0.2505314303067112
E05011245,Hainault,Redbridge,0.389,0.32920253523791504
E05011246,Ilford Town,Redbridge,0.344,0.26653587443946186
E05011247,Loxford,Redbridge,0.309,0.2619021560687315
E05011248,Mayfield,Redbridge,0.37,0.3026677128285602
E05011249,Monkhams,Redbridge,0.525,0.40719723183391004
E05011250,Newbury,Redbridge,0.423,0.31176168464304055
E05011251,Seven Kings,Redbridge,0.393,0.2749544442194776
E05011252,South Woodford,Redbridge,0.496,0.43480669103799713
E05011253,Valentines,Redbridge,0.389,0.26017699115044246
E05011254,Wanstead Park,Redbridge,0.53,0.4480310968396147
E05011255,Wanstead Village,Redbridge,0.51,0.4265412748171369
E05013774,Barnes,Richmond upon Thames,0.5164,0.5047694753577107
E05013775,East Sheen,Richmond upon Thames,0.52,0.5153464683018362
E05013776,Fulwell and Hampton Hill,Richmond upon Thames,0.5134,0.4724788055168923
E05013777,"Ham, Petersham and Richmond Riverside",Richmond upon Thames,0.5218,0.44484750772537957
E05013778,Hampton,Richmond upon Thames,0.5354,0.497546346782988
E05013779,Hampton North,Richmond upon Thames,0.4499,0.45530117198146636
E05013780,Hampton Wick and South Teddington,Richmond upon Thames,0.5071,0.48978075065031584
E05013781,Heathfield,Richmond upon Thames,0.4447,0.4274204560972279
E05013782,Kew,Richmond upon Thames,0.5129,0.47571577605193
E05013783,Mortlake and Barnes Common,Richmond upon Thames,0.472,0.4765084375379386
E05013784,North Richmond,Richmond upon Thames,0.479,0.4628186501122705
E05013786,South Richmond,Richmond upon Thames,0.5013,0.4835572616762636
E05013787,South Twickenham,Richmond upon Thames,0.5701,0.5041488222698073
E05013785,St Margarets and North Twickenham,Richmond upon Thames,0.5034,0.4739501864998195
E05013788,Teddington,Richmond upon Thames,0.5411,0.4928724612085278
E05013789,Twickenham Riverside,Richmond upon Thames,0.5043,0.4711734693877551
E05013790,West Twickenham,Richmond upon Thames,0.49219999999999997,0.4538126919140225
E05013791,Whitton,Richmond upon Thames,0.5004,0.47804232804232805
E05011095,Borough and Bankside,Southwark,0.3436523292156571,0.34675650266374175
E05011096,Camberwell Green,Southwark,0.3645806726266496,0.3021424647500458
E05011097,Champion Hill,Southwark,0.44065638704201443,0.36690328305235137
E05011098,Chaucer,Southwark,0.37935347315759094,0.28820348487883035
E05011099,Dulwich Hill,Southwark,0.4775543927292757,0.389686871588624
E05011100,Dulwich Village,Southwark,0.6153943537156602,0.6065552363541394
E05011101,Dulwich Wood,Southwark,0.46174282678002126,0.4248437075292199
E05011102,Faraday,Southwark,0.35651135005973716,0.29872799691635615
E05011103,Goose Green,Southwark,0.5080887885628292,0.39862870202837825
E05011104,London Bridge and West Bermondsey,Southwark,0.36495826227448164,0.3352524775837659
E05011105,Newington,Southwark,0.3724513764915907,0.3162317990814033
E05011106,North Bermondsey,Southwark,0.3723605150214592,0.32847424684159376
E05011107,North Walworth,Southwark,0.34500831946755406,0.29556973906513984
E05011108,Nunhead and Queen's Road,Southwark,0.4033217649975211,0.34098955185217167
E05011109,Old Kent Road,Southwark,0.33087054288467715,0.2722917892259854
E05011110,Peckham,Southwark,0.3225863284002819,0.257999808959786
E05011111,Peckham Rye,Southwark,0.5144792773645058,0.3941095890410959
E05011112,Rotherhithe,Southwark,0.3949442783365045,0.31222727694735863
E05011113,Rye Lane,Southwark,0.4501021949702302,0.3193401908998239
E05011116,South Bermondsey,Southwark,0.3789891323098154,0.33772401433691757
E05011114,St George's,Southwark,0.3700549937910236,0.3815506101938263
E05011115,St Giles,Southwark,0.4403606698153714,0.33754640268693653
E05011117,Surrey Docks,Southwark,0.40090225563909776,0.320713141025641
E05013754,Beddington,Sutton,0.4661,0.38717026378896885
E05013755,Belmont,Sutton,0.5325,0.4077328646748682
E05013756,Carshalton Central,Sutton,0.5107,0.45983662355343774
E05013757,Carshalton South and Clockhouse,Sutton,0.5255,0.4743889755590224
E05013758,Cheam,Sutton,0.5236,0.4178804026050918
E05013759,Hackbridge,Sutton,0.4157,0.39760033098882913
E05013760,North Cheam,Sutton,0.5128,0.40964269354099864
E05013763,South Beddington and Roundshaw,Sutton,0.4333,0.37580565195835397
E05013761,St Helier East,Sutton,0.3709,0.2775368603642671
E05013762,St Helier West,Sutton,0.3852,0.2960664949660501
E05013764,Stonecot,Sutton,0.4805,0.39500860585197933
E05013765,Sutton Central,Sutton,0.4035,0.33962932357454845
E05013766,Sutton North,Sutton,0.4654,0.41005098324836126
E05013767,Sutton South,Sutton,0.4477,0.4165814877910278
E05013768,Sutton West and East Cheam,Sutton,0.4682,0.4151962549513864
E05013769,The Wrythe,Sutton,0.4621,0.41508238276299114
E05013770,Wallington North,Sutton,0.4619,0.3940298507462687
E05013771,Wallington South,Sutton,0.4522,0.40502994011976046
E05013772,Worcester Park North,Sutton,0.4787,0.46458728244011716
E05013773,Worcester Park South,Sutton,0.5506,0.42949523980599963
E05009317,Bethnal Green East,Tower Hamlets,0.4529,0.4286543765423138
E05009331,Bethnal Green West,Tower Hamlets,0.4581,0.44057761732851985
E05009318,Blackwall and Cubitt Town,Tower Hamlets,0.3404,0.3265914413455397
E05009319,Bow East,Tower Hamlets,0.4385,0.38811922753988243
E05009320,Bow West,Tower Hamlets,0.4978,0.46093404161133245
E05009321,Bromley North,Tower Hamlets,0.4302,0.43540002535818434
E05009322,Bromley South,Tower Hamlets,0.4263,0.4422674738580077
E05009323,Canary Wharf,Tower Hamlets,0.3266,0.3227675827552902
E05009324,Island Gardens,Tower Hamlets,0.4445,0.401219512195122
E05009325,Lansbury,Tower Hamlets,0.3819,0.41335333833458365
E05009326,Limehouse,Tower Hamlets,0.4431,0.39267352185089976
E05009327,Mile End,Tower Hamlets,0.4193,0.4277997839395031
E05009328,Poplar,Tower Hamlets,0.4183,0.44251012145748986
E05009329,St Dunstan's,Tower Hamlets,0.4572,0.5130087444672352
E05009330,St Katharine's and Wapping,Tower Hamlets,0.4522,0.4091371706434468
E05009332,Shadwell,Tower Hamlets,0.4702,0.4997089977883832
E05009333,Spitalfields and Banglatown,Tower Hamlets,0.4175,0.4139725420726306
E05009334,Stepney Green,Tower Hamlets,0.4612,0.4962515114873035
E05009335,Weavers,Tower Hamlets,0.4266,0.41069298340743954
E05009336,Whitechapel,Tower Hamlets,0.3947,0.39452008740964867
E05013882,Cann Hall,Waltham Forest,0.3686,0.2602199041443473
E05013883,Cathall,Waltham Forest,0.3163,0.24967546516659456
E05013884,Chapel End,Waltham Forest,0.4148,0.320223534373682
E05013885,Chingford Green,Waltham Forest,0.5142,0.4330771877508889
E05013886,Endlebury,Waltham Forest,0.4647,0.4060184485105096
E05013887,Forest,Waltham Forest,0.406,0.2994312796208531
E05013888,Grove Green,Waltham Forest,0.427,0.3051492686836305
E05013889,Hale End and Highams Park South,Waltham Forest,0.4972,0.4703907203907204
E05013890,Hatch Lane and Highams Park North,Waltham Forest,0.4772,0.3718861209964413
E05013891,High Street,Waltham Forest,0.4192,0.3079047744311456
E05013892,Higham Hill,Waltham Forest,0.3574,0.2783333333333333
E05013893,Hoe Street,Waltham Forest,0.4139,0.32906988642177426
E05013894,Larkswood,Waltham Forest,0.4379,0.38189397178281315
E05013895,Lea Bridge,Waltham Forest,0.3882,0.2856997971602434
E05013896,Leyton,Waltham Forest,0.3441,0.2570852351130453
E05013897,Leytonstone,Waltham Forest,0.4219,0.32758999122036875
E05013898,Markhouse,Waltham Forest,0.4313,0.277514090774251
E05013899,St James,Waltham Forest,0.4577,0.33272582298667275
E05013900,Upper Walthamstow,Waltham Forest,0.4367,0.37875574407917995
E05013901,Valley,Waltham Forest,0.3293,0.38495575221238937
E05013902,William Morris,Waltham Forest,0.4473,0.35092695775504
E05013903,Wood Street,Waltham Forest,0.4601,0.35309930423782415
E05014009,Balham,Wandsworth,0.5254,0.42216337666506176
E05014010,Battersea Park,Wandsworth,0.4035,0.3258225479494776
E05014011,East Putney,Wandsworth,0.5293,0.4125396438155648
E05014012,Falconbrook,Wandsworth,0.3761,0.30509355509355507
E05014013,Furzedown,Wandsworth,0.4815,0.38928335535006603
E05014014,Lavender,Wandsworth,0.4591,0.3800232288037166
E05014015,Nine Elms,Wandsworth,0.3571,0.3112047769582016
E05014016,Northcote,Wandsworth,0.5663,0.484186313973548
E05014017,Roehampton,Wandsworth,0.4221,0.33620767088834996
E05014019,Shaftesbury and Queenstown,Wandsworth,0.372,0.31373087844645964
E05014020,South Balham,Wandsworth,0.5276,0.46416874099305644
E05014021,Southfields,Wandsworth,0.5852,0.4744443190793185
E05014018,St Mary's,Wandsworth,0.4528,0.3945966882928246
E05014022,Thamesfield,Wandsworth,0.5328,0.44536271808999084
E05014023,Tooting Bec,Wandsworth,0.4607,0.3697513584719249
E05014024,Tooting Broadway,Wandsworth,0.4459,0.34328608571668207
E05014025,Trinity,Wandsworth,0.5365,0.5229324225420834
E05014026,Wandle,Wandsworth,0.5054,0.4752186588921283
E05014027,Wandsworth Common,Wandsworth,0.4978,0.4673777777777778
E05014028,Wandsworth Town,Wandsworth,0.4814,0.4478862413528055
E05014029,West Hill,Wandsworth,0.519,0.48851683029453014
E05014030,West Putney,Wandsworth,0.5166,0.48
E05013792,Abbey Road,Westminster,0.381,0.3157759835960528
E05013793,Bayswater,Westminster,0.357,0.3380404898775306
E05013794,Church Street,Westminster,0.298,0.25846751804553025
E05013795,Harrow Road,Westminster,0.339,0.2764813843733613
E05013796,Hyde Park,Westminster,0.365,0.29512473503994785
E05013797,Knightsbridge and Belgravia,Westminster,0.333,0.29146816803811176
E05013798,Lancaster Gate,Westminster,0.376,0.35761776771820625
E05013799,Little Venice,Westminster,0.417,0.37575757575757573
E05013800,Maida Vale,Westminster,0.329,0.34023354564755837
E05013801,Marylebone,Westminster,0.355,0.3206088130600221
E05013802,Pimlico North,Westminster,0.388,0.349146110056926
E05013803,Pimlico South,Westminster,0.452,0.4116151478656497
E05013804,Queen's Park,Westminster,0.334,0.26610778443113775
E05013805,Regent's Park,Westminster,0.354,0.2972648432288192
E05013806,St James's,Westminster,0.338,0.296269624081809
E05013807,Vincent Square,Westminster,0.402,0.3921697001440356
E05013808,West End,Westminster,0.333,0.3149553868690904
E05013809,Westbourne,Westminster,0.331,0.24329015889971958
