wd22cd,adj_turnout
E05013628,0.49
E05013629,0.447
E05013630,0.294
E05013631,0.397
E05013632,0.268
E05013633,0.303
E05013634,0.311
E05013635,0.471
E05013636,0.461
E05013637,0.428
E05013638,0.433
E05013639,0.463
E05013640,0.411
E05013641,0.519
E05013642,0.428
E05013643,0.377
E05013644,0.519
E05013645,0.445
E05013646,0.449
E05013647,0.466
E05013648,0.456
E05013649,0.357
E05013650,0.461
E05013651,0.455
E05011217,0.4707
E05011218,0.381
E05011219,0.4944
E05011220,0.5088
E05011221,0.5219
E05011222,0.4305
E05011223,0.5085
E05011224,0.4733
E05011225,0.3424
E05011226,0.474
E05011227,0.53
E05011228,0.4409
E05011230,0.4722
E05011231,0.3479
E05011229,0.5224
E05011232,0.2948
E05011233,0.5279
E05013496,0.4065
E05013497,0.2991890205864005
E05013498,0.38722239764235344
E05013499,0.3273701124799143
E05013500,0.285385500575374
E05013501,0.31138070479491625
E05013502,0.3911296675594769
E05013503,0.3111879268189866
E05013504,0.33262606090863706
E05013505,0.3818527634817633
E05013506,0.37260378316618004
E05013507,0.39875687305761415
E05013508,0.36802788844621515
E05013509,0.293009284543965
E05013510,0.255362754474655
E05013511,0.39093959731543626
E05013512,0.3485380116959064
E05013513,0.3189612934835865
E05013514,0.42603458925262505
E05013515,0.3268407721198358
E05013516,0.22886354699174205
E05013517,0.358277000471624
E05013987,0.5010045808888531
E05013988,0.513119319847552
E05013989,0.5395998579377294
E05013990,0.4709897610921502
E05013991,0.46458222928811166
E05013992,0.5865978224267595
E05013993,0.508544087491456
E05013994,0.5183686176836861
E05013995,0.4167526068522975
E05013996,0.5541195476575121
E05013997,0.5431368251881072
E05013998,0.5680670900504804
E05013999,0.5353942283975993
E05014000,0.39603960396039606
E05014001,0.48263740945888367
E05014002,0.4443097547062179
E05014003,0.5662061471592673
E05014004,0.4547770700636943
E05014005,0.5377592696404261
E05014006,0.4058076754705968
E05014007,0.3683490162532079
E05014008,0.5639418473056499
E05011462,0.4801
E05011463,0.3897
E05011464,0.3277
E05011465,0.3208
E05011466,0.4872
E05011467,0.4683
E05011468,0.311
E05011469,0.4714
E05011470,0.3244
E05011471,0.3623
E05011472,0.3666
E05011473,0.3837
E05011474,0.5276
E05011475,0.471
E05011476,0.4272
E05011477,0.4724
E05011478,0.544
E05011479,0.3012
E05011480,0.4876
E05011481,0.4894
E05011482,0.4403
E05011483,0.4932
E05011484,0.4529
E05011485,0.3667
E05011486,0.3517
E05011487,0.3755
E05011488,0.3369
E05011489,0.3844
E05013518,0.3881
E05013519,0.394
E05013520,0.5011
E05013521,0.4666
E05013522,0.3967
E05013523,0.3709
E05013524,0.4304
E05013525,0.4938
E05013526,0.386
E05013527,0.3754
E05013528,0.4359
E05013529,0.4925
E05013530,0.5707
E05013531,0.3728
E05013532,0.355
E05013533,0.4012
E05013534,0.423
E05013535,0.5048
E05013536,0.3787
E05013537,0.4494
E05013538,0.4202
E05013539,0.4392
E05013540,0.481
E05013541,0.5561
E05013672,0.49
E05013673,0.377
E05013674,0.351
E05013675,0.397
E05013676,0.51
E05013677,0.357
E05013678,0.471
E05013679,0.335
E05013680,0.346
E05013681,0.556
E05013682,0.343
E05013683,0.444
E05013684,0.354
E05013685,0.326
E05013686,0.427
E05013687,0.497
E05013688,0.46
E05013689,0.323
E05013690,0.54
E05013691,0.43
E05013692,0.47
E05013693,0.519
E05013694,0.32
E05013695,0.53
E05013696,0.5
E05013733,0.34299999999999997
E05013734,0.392
E05013735,0.455
E05013736,0.31
E05013737,0.385
E05013738,0.41
E05013739,0.396
E05013740,0.431
E05013741,0.397
E05013742,0.373
E05013743,0.384
E05013744,0.45899999999999996
E05013745,0.413
E05013746,0.466
E05013747,0.35
E05013748,0.38799999999999996
E05013749,0.397
E05013750,0.45399999999999996
E05013751,0.33799999999999997
E05013752,0.38
E05013753,0.381
E05013652,0.3921
E05013653,0.33759999999999996
E05013654,0.3689
E05013655,0.32420000000000004
E05013656,0.37479999999999997
E05013657,0.3906
E05013658,0.3918
E05013659,0.4814
E05013660,0.3799
E05013661,0.5265
E05013662,0.374
E05013663,0.4959
E05013664,0.41259999999999997
E05013665,0.3044
E05013666,0.3193
E05013667,0.3907
E05013668,0.35119999999999996
E05013670,0.3954
E05013669,0.3281
E05013671,0.36460000000000004
E05014072,0.37017681386638795
E05014073,0.5381668946648427
E05014074,0.48011363636363635
E05014075,0.3457700650759219
E05014076,0.4335697852760736
E05014077,0.40485407980941035
E05014078,0.5771061093247588
E05014079,0.5011466837904779
E05014080,0.4162207828780625
E05014081,0.49294628323385786
E05014082,0.34797759800871186
E05014083,0.42010771992818674
E05014084,0.3835781847454216
E05014085,0.40748061426182147
E05014086,0.4627281460134486
E05014087,0.3714050267820354
E05014088,0.4348733516744142
E05014089,0.4338300853394472
E05014090,0.3214013709063214
E05014091,0.30330855560413933
E05014092,0.36864742501414827
E05014093,0.3178544822448473
E05014094,0.3589810581319399
E05009367,0.4501
E05009368,0.4165
E05009369,0.4663
E05009370,0.4055
E05009371,0.4226
E05009372,0.3953
E05009373,0.4367
E05009374,0.3764
E05009375,0.3664
E05009376,0.3996
E05009377,0.3356
E05009378,0.3176
E05009379,0.4289
E05009380,0.4347
E05009381,0.4344
E05009382,0.44
E05009383,0.3803
E05009384,0.4629
E05009385,0.4812
E05009386,0.4233
E05009387,0.3804
E05013605,0.36275007616532956
E05013604,0.3402697898149116
E05013603,0.3941217775102819
E05013602,0.3727315030246626
E05013601,0.40798451980853445
E05013600,0.553072625698324
E05013597,0.4221060492905153
E05013599,0.35182049110922947
E05013598,0.4012654012654013
E05013596,0.3195212826013323
E05013595,0.3555075169499853
E05013594,0.5573670577479811
E05013593,0.5020163097051707
E05013592,0.5068535504483149
E05013591,0.4617577197149644
E05013590,0.468792666276575
E05013589,0.5356877717679499
E05013588,0.5426446440645224
E05013587,0.32717340771734077
E05013586,0.4750074382624219
E05013585,0.6042813455657492
E05013542,0.4466
E05013543,0.45
E05013544,0.41
E05013545,0.41
E05013546,0.342
E05013547,0.41
E05013548,0.39
E05013549,0.47
E05013550,0.45
E05013551,0.41
E05013552,0.44
E05013553,0.38
E05013554,0.47
E05013555,0.46
E05013556,0.49
E05013557,0.46
E05013558,0.39
E05013559,0.41
E05013560,0.41
E05013561,0.37
E05013562,0.4
E05013563,0.38
E05013967,0.3263
E05013968,0.5449
E05013969,0.4756
E05013970,0.5279
E05013971,0.35259999999999997
E05013972,0.5123
E05013973,0.4819
E05013974,0.4214
E05013975,0.322
E05013976,0.5031
E05013977,0.518
E05013978,0.45030000000000003
E05013979,0.4497
E05013980,0.3995
E05013984,0.42619999999999997
E05013985,0.4978
E05013981,0.4395
E05013982,0.5052
E05013983,0.42590000000000006
E05013986,0.564
E05013564,0.3411
E05013565,0.4351
E05013566,0.39740000000000003
E05013567,0.5022
E05013568,0.5344
E05013569,0.3075
E05013570,0.3387
E05013571,0.41409999999999997
E05013572,NA
E05013573,0.5131
E05013574,0.435
E05013575,0.4637
E05013576,0.34119999999999995
E05013577,0.5287
E05013578,0.5316
E05013579,0.4539
E05013580,0.42119999999999996
E05013581,0.386
E05013582,0.33390000000000003
E05013583,0.34409999999999996
E05013584,0.33140000000000003
E05013606,0.4017
E05013607,0.319
E05013608,0.4551
E05013609,0.4603
E05013610,0.4891
E05013611,0.4921
E05013612,0.3674
E05013613,0.427
E05013614,0.4048
E05013615,0.4141
E05013616,0.3776
E05013617,0.3788
E05013618,0.3745
E05013619,0.3598
E05013620,0.3965
E05013621,0.389
E05013622,0.3949
E05013623,0.4358
E05013624,0.3969
E05013625,0.4461
E05013626,0.4042
E05013627,0.4053
E05013697,0.4606
E05013698,0.4725
E05013699,0.3772
E05013700,0.4196
E05013701,0.4161
E05013702,0.4392
E05013703,0.4234
E05013704,0.4958
E05013705,0.4446
E05013706,0.4384
E05013707,0.4244
E05013708,0.4052
E05013709,0.4334
E05013710,0.4597
E05013711,0.3958
E05013712,0.4851
E05013713,0.4987
E05009388,0.37
E05009389,0.33
E05009390,0.4
E05009391,0.393
E05009392,0.341
E05009393,0.339
E05009394,0.369
E05009395,0.41
E05009396,0.289
E05009397,0.41
E05009398,0.429
E05009399,0.353
E05009400,0.43
E05009401,0.361
E05009402,0.344
E05009403,0.406
E05009404,0.435
E05009405,0.358
E05013928,0.5521
E05013929,0.5735
E05013930,0.48700000000000004
E05013931,0.46259999999999996
E05013932,0.4338
E05013933,0.5242
E05013934,0.502
E05013935,0.44780000000000003
E05013936,0.44020000000000004
E05013937,0.4885
E05013938,0.45
E05013939,0.5019
E05013940,0.5175
E05013941,0.42460000000000003
E05013942,0.5216
E05013943,0.4561
E05013944,0.4629
E05013945,0.4661
E05013946,0.5524
E05014095,0.4119
E05014096,0.3129
E05014097,0.4262
E05014098,0.3927
E05014099,0.4365
E05014100,0.3093
E05014101,0.3306
E05014102,0.3827
E05014103,0.4219
E05014104,0.4705
E05014105,0.4063
E05014106,0.4181
E05014107,0.3709
E05014108,0.4031
E05014109,0.3789
E05014110,0.3897
E05014111,0.3224
E05014112,0.3889
E05014113,0.4373
E05014114,0.4465
E05014115,0.3921
E05014116,0.4321
E05014117,0.3111
E05014118,0.3474
E05014119,0.496
E05014053,0.3191
E05014054,0.3322
E05014055,0.2835
E05014056,0.2967
E05014057,0.3463
E05014058,0.3162
E05014059,0.4051
E05014060,0.3368
E05014061,0.3055
E05014062,0.3515
E05014063,0.3292
E05014064,0.4364
E05014065,0.332
E05014066,0.303
E05014067,0.3653
E05014068,0.3482
E05014069,0.3281
E05014070,0.3682
E05014071,0.3319
E05013714,0.305628964059197
E05013715,0.45600540951737
E05013716,0.4349754091752
E05013717,0.397802014819749
E05013718,0.516073686111613
E05013719,0.391657922350472
E05013720,0.314086650116121
E05013721,0.353768446073091
E05013722,0.483523334520841
E05013723,0.387370922050626
E05013724,0.397334723049434
E05013725,0.489183021451392
E05013726,0.477578906851424
E05013727,0.383690538421328
E05013728,0.38327789537345
E05013729,0.470431742170873
E05013730,0.414404839764552
E05013731,0.426520681265207
E05013732,0.456073211314476
E05013810,0.47
E05013811,0.55
E05013812,0.47
E05013813,0.37
E05013814,0.36
E05013815,0.38
E05013816,0.49
E05013817,0.36
E05013818,0.37
E05013819,0.52
E05013820,0.52
E05013821,0.35
E05013822,0.45
E05013823,0.49
E05013824,0.41
E05013825,0.53
E05013826,0.51
E05013827,0.49
E05013828,0.47
E05013829,0.51
E05013904,0.3029
E05013905,0.4304
E05013906,0.3126
E05013907,0.3114
E05013908,0.3131
E05013909,0.37799999999999995
E05013910,0.39299999999999996
E05013911,0.41479999999999995
E05013912,0.36829999999999996
E05013913,0.382
E05013914,0.37070000000000003
E05013915,0.3685
E05013916,0.3812
E05013917,0.3348
E05013918,0.3369
E05013919,0.3553
E05013920,0.31670000000000004
E05013921,0.4017
E05013922,0.2867
E05013923,0.2671
E05013924,0.2972
E05013925,0.3136
E05013926,0.396
E05013927,0.3093
E05011234,0.431
E05011235,0.451
E05011236,0.455
E05011237,0.388
E05011238,0.487
E05011239,0.439
E05011240,0.345
E05011241,0.385
E05011242,0.42
E05011243,0.423
E05011244,0.345
E05011245,0.389
E05011246,0.344
E05011247,0.309
E05011248,0.37
E05011249,0.525
E05011250,0.423
E05011251,0.393
E05011252,0.496
E05011253,0.389
E05011254,0.53
E05011255,0.51
E05013774,0.5164
E05013775,0.52
E05013776,0.5134
E05013777,0.5218
E05013778,0.5354
E05013779,0.4499
E05013780,0.5071
E05013781,0.4447
E05013782,0.5129
E05013783,0.472
E05013784,0.479
E05013786,0.5013
E05013787,0.5701
E05013785,0.5034
E05013788,0.5411
E05013789,0.5043
E05013790,0.49219999999999997
E05013791,0.5004
E05011095,0.3436523292156571
E05011096,0.3645806726266496
E05011097,0.44065638704201443
E05011098,0.37935347315759094
E05011099,0.4775543927292757
E05011100,0.6153943537156602
E05011101,0.46174282678002126
E05011102,0.35651135005973716
E05011103,0.5080887885628292
E05011104,0.36495826227448164
E05011105,0.3724513764915907
E05011106,0.3723605150214592
E05011107,0.34500831946755406
E05011108,0.4033217649975211
E05011109,0.33087054288467715
E05011110,0.3225863284002819
E05011111,0.5144792773645058
E05011112,0.3949442783365045
E05011113,0.4501021949702302
E05011116,0.3789891323098154
E05011114,0.3700549937910236
E05011115,0.4403606698153714
E05011117,0.40090225563909776
E05013754,0.4661
E05013755,0.5325
E05013756,0.5107
E05013757,0.5255
E05013758,0.5236
E05013759,0.4157
E05013760,0.5128
E05013763,0.4333
E05013761,0.3709
E05013762,0.3852
E05013764,0.4805
E05013765,0.4035
E05013766,0.4654
E05013767,0.4477
E05013768,0.4682
E05013769,0.4621
E05013770,0.4619
E05013771,0.4522
E05013772,0.4787
E05013773,0.5506
E05009317,0.4529
E05009331,0.4581
E05009318,0.3404
E05009319,0.4385
E05009320,0.4978
E05009321,0.4302
E05009322,0.4263
E05009323,0.3266
E05009324,0.4445
E05009325,0.3819
E05009326,0.4431
E05009327,0.4193
E05009328,0.4183
E05009329,0.4572
E05009330,0.4522
E05009332,0.4702
E05009333,0.4175
E05009334,0.4612
E05009335,0.4266
E05009336,0.3947
E05013882,0.3686
E05013883,0.3163
E05013884,0.4148
E05013885,0.5142
E05013886,0.4647
E05013887,0.406
E05013888,0.427
E05013889,0.4972
E05013890,0.4772
E05013891,0.4192
E05013892,0.3574
E05013893,0.4139
E05013894,0.4379
E05013895,0.3882
E05013896,0.3441
E05013897,0.4219
E05013898,0.4313
E05013899,0.4577
E05013900,0.4367
E05013901,0.3293
E05013902,0.4473
E05013903,0.4601
E05014009,0.5254
E05014010,0.4035
E05014011,0.5293
E05014012,0.3761
E05014013,0.4815
E05014014,0.4591
E05014015,0.3571
E05014016,0.5663
E05014017,0.4221
E05014019,0.372
E05014020,0.5276
E05014021,0.5852
E05014018,0.4528
E05014022,0.5328
E05014023,0.4607
E05014024,0.4459
E05014025,0.5365
E05014026,0.5054
E05014027,0.4978
E05014028,0.4814
E05014029,0.519
E05014030,0.5166
E05013792,0.381
E05013793,0.357
E05013794,0.298
E05013795,0.339
E05013796,0.365
E05013797,0.333
E05013798,0.376
E05013799,0.417
E05013800,0.329
E05013801,0.355
E05013802,0.388
E05013803,0.452
E05013804,0.334
E05013805,0.354
E05013806,0.338
E05013807,0.402
E05013808,0.333
E05013809,0.331
