wd22cd,entitled_electors,ballots_polling,ballots_postal,ward,LAD22NM
E05013628,12125,4405,1539,Barnet Vale,Barnet
E05013629,11523,3800,1347,Brunswick Park,Barnet
E05013630,13557,2687,1299,Burnt Oak,Barnet
E05013631,12900,3673,1453,Childs Hill,Barnet
E05013632,7027,1300,584,Colindale North,Barnet
E05013633,12817,2854,1035,Colindale South,Barnet
E05013634,6140,1431,477,Cricklewood,Barnet
E05013635,12397,4242,1598,East Barnet,Barnet
E05013636,11077,3940,1172,East Finchley,Barnet
E05013637,13562,3802,2000,Edgware,Barnet
E05013638,8578,2572,1139,Edgwarebury,Barnet
E05013639,12994,4355,1663,Finchley Church End,Barnet
E05013640,12535,3977,1179,Friern Barnet,Barnet
E05013641,9060,3360,1345,Garden Suburb,Barnet
E05013642,8923,2759,1064,Golders Green,Barnet
E05013643,13651,3731,1416,Hendon,Barnet
E05013644,8908,3518,1107,High Barnet,Barnet
E05013645,12706,3981,1668,Mill Hill,Barnet
E05013646,11296,3644,1429,Totteridge and Woodside,Barnet
E05013647,8780,3003,1085,Underhill,Barnet
E05013648,12577,4170,1562,West Finchley,Barnet
E05013649,11416,2958,1112,West Hendon,Barnet
E05013650,8406,2822,1057,Whetstone,Barnet
E05013651,9320,3184,1054,Woodhouse,Barnet
E05011217,8352,2916,1015,Barnehurst,Bexley
E05011218,11656,3583,858,Belvedere,Bexley
E05011219,12279,4506,1565,Bexleyheath,Bexley
E05011220,12072,5028,1114,Blackfen and Lamorbey,Bexley
E05011221,11618,5024,1039,Blendon and Penhill,Bexley
E05011222,11414,3884,1030,Crayford,Bexley
E05011223,11537,4617,1249,Crook Log,Bexley
E05011224,11596,4275,1213,East Wickham,Bexley
E05011225,8414,2339,542,Erith,Bexley
E05011226,11841,4470,1143,Falconwood and Welling,Bexley
E05011227,7555,3229,775,Longlands,Bexley
E05011228,7730,2620,788,Northumberland Heath,Bexley
E05011230,11481,4402,1019,Sidcup,Bexley
E05011231,9129,2538,638,Slade Green and Northend,Bexley
E05011229,8156,3348,913,St Mary's and St James,Bexley
E05011232,10385,2356,706,Thamesmead East,Bexley
E05011233,11710,4914,1268,West Heath,Bexley
E05013496,11183,3570,976,Alperton,Brent
E05013497,8015,1973,425,Barnhill,Brent
E05013498,9501,3012,667,Brondesbury Park,Brent
E05013499,9335,2535,521,Cricklewood and Mapesbury,Brent
E05013500,13904,3265,707,Dollis Hill,Brent
E05013501,13848,3733,580,Harlesden and Kensal Green,Brent
E05013502,12694,3862,1103,Kenton,Brent
E05013503,11861,3126,565,Kilburn,Brent
E05013504,8012,2121,545,Kingsbury,Brent
E05013505,8938,2775,638,Northwick Park,Brent
E05013506,7877,2356,579,Preston,Brent
E05013507,12549,4268,736,Queens Park,Brent
E05013508,12048,3510,929,Queensbury,Brent
E05013509,10986,2816,400,Roundwood,Brent
E05013510,14638,3170,568,Stonebridge,Brent
E05013511,9536,3032,699,Sudbury,Brent
E05013512,7695,2269,415,Tokyngton,Brent
E05013513,12246,3245,661,Welsh Harp,Brent
E05013514,12952,4548,969,Wembley Central,Brent
E05013515,11449,3065,680,Wembley Hill,Brent
E05013516,7629,1545,201,Wembley Park,Brent
E05013517,12722,3839,713,Willesden Green,Brent
E05013987,12443,4926,1308,Beckenham Town and Copers Cope,Bromley
E05013988,13644,5341,1660,Bickley and Sundridge,Bromley
E05013989,8447,3786,772,Biggin Hill,Bromley
E05013990,14064,5286,1338,Bromley Common and Holwood,Bromley
E05013991,11322,4063,1197,Bromley Town,Bromley
E05013992,8909,4120,1106,Chelsfield,Bromley
E05013993,11704,4450,1502,Chislehurst,Bromley
E05013994,12848,5564,1096,Clock House,Bromley
E05013995,8727,3152,485,Crystal Palace and Anerley,Bromley
E05013996,4333,1967,434,Darwin,Bromley
E05013997,13689,5857,1578,Farnborough and Crofton,Bromley
E05013998,12282,5707,1270,Hayes and Coney Hall,Bromley
E05013999,12163,5099,1413,Kelsey and Eden Park,Bromley
E05014000,8181,2662,578,Mottingham,Bromley
E05014001,9388,3591,940,Orpington,Bromley
E05014002,14024,5296,935,Penge and Cator,Bromley
E05014003,12884,5774,1521,Petts Wood and Knoll,Bromley
E05014004,9420,3547,737,Plaistow,Bromley
E05014005,12487,5377,1338,Shortlands and Park Langley,Bromley
E05014006,13706,4348,1214,St Mary Cray,Bromley
E05014007,11690,3359,947,St Paul's Cray,Bromley
E05014008,11487,5157,1321,West Wickham,Bromley
E05011462,8811,3214,1016,Addiscombe East,Croydon
E05011463,11389,3540,898,Addiscombe West,Croydon
E05011464,11815,3115,757,Bensham Manor,Croydon
E05011465,13849,3492,951,Broad Green,Croydon
E05011466,11514,4126,1484,Coulsdon Town,Croydon
E05011467,12383,4754,1045,Crystal Palace and Upper Norwood,Croydon
E05011468,11758,2986,671,Fairfield,Croydon
E05011469,8235,2861,1021,Kenley,Croydon
E05011470,7438,1820,593,New Addington North,Croydon
E05011471,8165,2256,702,New Addington South,Croydon
E05011472,8750,2613,595,Norbury and Pollards Hill,Croydon
E05011473,8002,2432,638,Norbury Park,Croydon
E05011474,7632,2985,1042,Old Coulsdon,Croydon
E05011475,4352,1536,514,Park Hill and Whitgift,Croydon
E05011476,13595,4069,1739,Purley and Woodcote,Croydon
E05011477,8200,2968,906,Purley Oaks and Riddlesdown,Croydon
E05011478,12113,4821,1769,Sanderstead,Croydon
E05011479,8908,2122,561,Selhurst,Croydon
E05011480,8002,2927,975,Selsdon and Addington Village,Croydon
E05011481,7307,2670,906,Selsdon Vale and Forestdale,Croydon
E05011482,11765,3858,1322,Shirley North,Croydon
E05011483,8159,2993,1031,Shirley South,Croydon
E05011484,12408,4456,1164,South Croydon,Croydon
E05011485,11319,3359,792,South Norwood,Croydon
E05011486,12525,3625,848,Thornton Heath,Croydon
E05011487,13048,3732,1168,Waddon,Croydon
E05011488,13112,3427,991,West Thornton,Croydon
E05011489,12379,3772,987,Woodside,Croydon
E05013518,10236,2473,1500,Central Greenford,Ealing
E05013519,10489,2404,1728,Dormers Wells,Ealing
E05013520,9722,3095,1777,Ealing Broadway,Ealing
E05013521,10970,3179,1940,Ealing Common,Ealing
E05013522,10211,2625,1425,East Acton,Ealing
E05013523,11282,2500,1694,Greenford Broadway,Ealing
E05013524,10980,2862,1863,Hanger Hill,Ealing
E05013525,10720,3619,1674,Hanwell Broadway,Ealing
E05013526,10935,2309,1912,Lady Margaret,Ealing
E05013527,10964,2590,1526,North Acton,Ealing
E05013528,11399,3067,1902,North Greenford,Ealing
E05013529,9812,3034,1796,North Hanwell,Ealing
E05013530,10431,3838,2116,Northfield,Ealing
E05013531,11585,2542,1778,Northolt Mandeville,Ealing
E05013532,10628,2257,1516,Northolt West End,Ealing
E05013533,11110,2679,1776,Norwood Green,Ealing
E05013534,11286,2854,1920,Perivale,Ealing
E05013535,10612,3431,1926,Pitshanger,Ealing
E05013536,11770,2789,1668,South Acton,Ealing
E05013537,7381,1827,1490,Southall Broadway,Ealing
E05013538,10581,2491,1955,Southall Green,Ealing
E05013539,5392,1376,993,Southall West,Ealing
E05013540,11487,3435,2086,Southfield,Ealing
E05013541,10292,3899,1831,Walpole,Ealing
E05013672,6280,2131,952,Arnos Grove,Enfield
E05013673,6894,1824,777,Bowes,Enfield
E05013674,10394,2592,1057,Brimsdown,Enfield
E05013675,7480,2076,890,Bullsmoor,Enfield
E05013676,9635,3527,1378,Bush Hill Park,Enfield
E05013677,7406,1830,816,Carterhatch,Enfield
E05013678,7656,2406,1199,Cockfosters,Enfield
E05013679,10090,2495,890,Edmonton Green,Enfield
E05013680,11148,2839,1015,Enfield Lock,Enfield
E05013681,6432,2550,1027,Grange Park,Enfield
E05013682,11116,2785,1028,Haselbury,Enfield
E05013683,6278,1992,797,Highfield,Enfield
E05013684,10195,2649,960,Jubilee,Enfield
E05013685,10193,2512,814,Lower Edmonton,Enfield
E05013686,7587,2295,945,New Southgate,Enfield
E05013687,6199,2116,965,Oakwood,Enfield
E05013688,7148,2496,823,Palmers Green,Enfield
E05013689,7759,1841,663,Ponders End,Enfield
E05013690,9562,3727,1461,Ridgeway,Enfield
E05013691,10263,3338,1077,Southbury,Enfield
E05013692,10588,3395,1567,Southgate,Enfield
E05013693,9711,3664,1378,Town,Enfield
E05013694,9939,8802,1137,Upper Edmonton,Enfield
E05013695,10019,3952,1352,Whitewebbs,Enfield
E05013696,7496,2740,1024,Winchmore Hill,Enfield
E05013733,5397,1477,373,Addison,Hammersmith and Fulham
E05013734,5140,1499,515,Avonmore,Hammersmith and Fulham
E05013735,5485,1906,591,Brook Green,Hammersmith and Fulham
E05013736,7211,1800,433,College Park and Old Oak,Hammersmith and Fulham
E05013737,7660,2466,485,Coningham,Hammersmith and Fulham
E05013738,7960,2522,742,Fulham Reach,Hammersmith and Fulham
E05013739,5231,1484,587,Fulham Town,Hammersmith and Fulham
E05013740,5209,1731,516,Grove,Hammersmith and Fulham
E05013741,5148,1520,523,Hammersmith Broadway,Hammersmith and Fulham
E05013742,4718,1290,472,Lillie,Hammersmith and Fulham
E05013743,8360,2482,731,Munster,Hammersmith and Fulham
E05013744,8202,2644,1119,Palace and Hurlingham,Hammersmith and Fulham
E05013745,5474,1633,630,Parsons Green and Sandford,Hammersmith and Fulham
E05013746,4891,1701,578,Ravenscourt,Hammersmith and Fulham
E05013747,7841,2026,715,Sands End,Hammersmith and Fulham
E05013748,3769,1217,245,Shepherd's Bush Green,Hammersmith and Fulham
E05013749,4946,1489,476,Walham Green,Hammersmith and Fulham
E05013750,5342,1944,479,Wendell Park,Hammersmith and Fulham
E05013751,6584,494,1732,West Kensington,Hammersmith and Fulham
E05013752,6903,2155,471,White City,Hammersmith and Fulham
E05013753,5074,1583,349,Wormholt,Hammersmith and Fulham
E05013652,8660,2192,1204,Belsize,Camden
E05013653,7006,1647,718,Bloomsbury,Camden
E05013654,5891,1687,486,Camden Square,Camden
E05013655,4950,1228,377,Camden Town,Camden
E05013656,8794,2285,1011,Fortune Green,Camden
E05013657,5665,1351,862,Frognal,Camden
E05013658,8974,2605,911,Gospel Oak,Camden
E05013659,6169,1972,998,Hampstead Town,Camden
E05013660,8920,2568,821,Haverstock,Camden
E05013661,8005,3017,1198,Highgate,Camden
E05013662,8129,2107,933,Holborn and Covent Garden,Camden
E05013663,5791,2137,735,Kentish Town North,Camden
E05013664,7882,2465,787,Kentish Town South,Camden
E05013665,8537,1969,630,Kilburn,Camden
E05013666,7547,1797,613,King's Cross,Camden
E05013667,8866,2340,1124,Primrose Hill,Camden
E05013668,8171,2031,839,Regent's Park,Camden
E05013670,8488,2351,1005,South Hampstead,Camden
E05013669,8771,2145,733,St Pancras and Somers Town,Camden
E05013671,8417,2255,814,West Hampstead,Camden
E05014072,11481,3425,825,Abbey Wood,Greenwich
E05014073,10965,5076,825,Blackheath Westcombe,Greenwich
E05014074,7392,2855,694,Charlton Hornfair,Greenwich
E05014075,6915,1806,585,Charlton Village and Riverside,Greenwich
E05014076,10432,3375,1148,East Greenwich,Greenwich
E05014077,6716,1963,756,Eltham Page,Greenwich
E05014078,7775,3467,1020,Eltham Park and Progress,Greenwich
E05014079,10901,3981,1482,Eltham Town and Avery Hill,Greenwich
E05014080,7102,2174,782,Greenwich Creekside,Greenwich
E05014081,7372,2684,950,Greenwich Park,Greenwich
E05014082,8035,1878,918,Greenwich Peninsula,Greenwich
E05014083,7241,2005,1037,Kidbrooke Park,Greenwich
E05014084,4969,1420,486,Kidbrooke Village and Sutcliffe,Greenwich
E05014085,6577,1878,802,Middle Park and Horn Park,Greenwich
E05014086,10410,3337,1480,"Mottingham, Coldharbour and New Eltham",Greenwich
E05014087,12135,3228,1279,Plumstead and Glyndon,Greenwich
E05014088,10541,3329,1255,Plumstead Common,Greenwich
E05014089,7851,2551,855,Shooters Hill,Greenwich
E05014090,7878,1692,840,Thamesmead Moorings,Greenwich
E05014091,6861,1381,700,West Thamesmead,Greenwich
E05014092,8835,2265,992,Woolwich Arsenal,Greenwich
E05014093,8054,1737,823,Woolwich Common,Greenwich
E05014094,7655,1916,832,Woolwich Dockyard,Greenwich
E05009367,6697,2449,565,Brownswood,Hackney
E05009368,9651,2420,1600,Cazenove,Hackney
E05009369,9501,3597,833,Clissold,Hackney
E05009370,6816,2273,491,Dalston,Hackney
E05009371,6645,2180,628,De Beauvoir,Hackney
E05009372,9799,3151,723,Hackney Central,Hackney
E05009373,9643,3457,754,Hackney Downs,Hackney
E05009374,9805,3114,577,Hackney Wick,Hackney
E05009375,10549,3192,673,Haggerston,Hackney
E05009376,9275,3075,631,Homerton,Hackney
E05009377,8507,2309,546,Hoxton East and Shoreditch,Hackney
E05009378,9916,2444,705,Hoxton West,Hackney
E05009379,9598,3424,693,King's Park,Hackney
E05009380,10273,3735,731,Lea Bridge,Hackney
E05009381,9146,3260,713,London Fields,Hackney
E05009382,6411,2327,494,Shacklewell,Hackney
E05009383,10032,2231,1584,Springfield,Hackney
E05009384,6472,1492,1504,Stamford Hill West,Hackney
E05009385,10215,4024,891,Stoke Newington,Hackney
E05009386,9220,3231,672,Victoria,Hackney
E05009387,7732,2323,618,Woodberry Down,Hackney
E05013605,9847,2906,666,Woodside,Haringey
E05013604,9563,2567,687,White Hart Lane,Haringey
E05013603,9969,3215,714,West Green,Haringey
E05013602,8596,2708,496,Tottenham Hale,Haringey
E05013601,9819,3282,724,Tottenham Central,Haringey
E05013600,8592,4004,748,Stroud Green,Haringey
E05013597,6695,2386,440,St Ann's,Haringey
E05013599,9448,2602,722,South Tottenham,Haringey
E05013598,6006,1935,475,Seven Sisters,Haringey
E05013596,8857,2343,487,Northumberland Park,Haringey
E05013595,10177,2933,685,Noel Park,Haringey
E05013594,6563,2875,783,Muswell Hill,Haringey
E05013593,11159,4555,1047,Hornsey,Haringey
E05013592,9703,3645,1273,Highgate,Haringey
E05013591,6315,2494,422,Hermitage and Gardens,Haringey
E05013590,10254,4147,660,Harringay,Haringey
E05013589,9429,3980,1071,Fortis Green,Haringey
E05013588,10353,4522,1096,Crouch End,Haringey
E05013587,8604,2299,516,Bruce Castle,Haringey
E05013586,6722,2542,651,Bounds Green,Haringey
E05013585,6540,3134,818,Alexandra Park,Haringey
E05013542,6560,1764,1166,Belmont,Harrow
E05013543,6917,1618,1495,Canons,Harrow
E05013544,9953,2448,1633,Centenary,Harrow
E05013545,10521,2788,1537,Edgware,Harrow
E05013546,8336,2114,737,Greenhill,Harrow
E05013547,6955,1825,1055,Harrow on the Hill,Harrow
E05013548,10453,2296,1826,Harrow Weald,Harrow
E05013549,7104,2040,1291,Hatch End,Harrow
E05013550,11010,3447,1487,Headstone,Harrow
E05013551,10650,2680,1641,Kenton East,Harrow
E05013552,7201,1946,1203,Kenton West,Harrow
E05013553,8475,2335,908,Marlborough,Harrow
E05013554,6930,2123,1128,North Harrow,Harrow
E05013555,10076,2861,1758,Pinner,Harrow
E05013556,11255,3486,1983,Pinner South,Harrow
E05013557,6946,2241,965,Rayners Lane,Harrow
E05013558,6917,1878,836,Roxbourne,Harrow
E05013559,10847,3031,1386,Roxeth,Harrow
E05013560,9979,2068,2050,Stanmore,Harrow
E05013561,6941,1703,837,Wealdstone North,Harrow
E05013562,5316,1448,652,Wealdstone South,Harrow
E05013563,7086,1877,824,West Harrow,Harrow
E05013967,5066,1371,282,Beam Park,Havering
E05013968,9910,4155,1245,Cranham,Havering
E05013969,12045,4606,1122,Elm Park,Havering
E05013970,7168,2886,898,Emerson Park,Havering
E05013971,11458,3218,822,Gooshays,Havering
E05013972,7406,2864,930,Hacton,Havering
E05013973,10232,3906,1025,Harold Wood,Havering
E05013974,11501,3799,1048,Havering-atte-Bower,Havering
E05013975,12186,3046,878,Heaton,Havering
E05013976,10666,4162,1204,Hylands and Harrow Lodge,Havering
E05013977,9884,3771,1349,Marshalls and Rise Park,Havering
E05013978,10315,3587,1058,Mawneys,Havering
E05013979,9656,3353,989,Rainham and Wennington,Havering
E05013980,10462,3304,876,Rush Green and Crowlands,Havering
E05013984,7433,2530,638,South Hornchurch,Havering
E05013985,11673,4401,1410,Squirrels Heath,Havering
E05013981,5538,1896,538,St Alban's,Havering
E05013982,11007,4333,1228,St Andrew's,Havering
E05013983,7394,2359,790,St Edward's,Havering
E05013986,10431,4396,1487,Upminster,Havering
E05013564,11333,3106,760,Belmore,Hillingdon
E05013565,7747,2711,660,Charville,Hillingdon
E05013566,11929,3475,1266,Colham and Cowley,Hillingdon
E05013567,12727,4762,1630,Eastcote,Hillingdon
E05013568,4068,1692,478,Harefield Village,Hillingdon
E05013569,10769,2683,628,Hayes Town,Hillingdon
E05013570,9183,2434,676,Heathrow Villages,Hillingdon
E05013571,10976,3381,1164,Hillingdon East,Hillingdon
E05013572,6860,1553,775,Hillingdon West,Hillingdon
E05013573,11521,4435,1476,Ickenham and South Harefield,Hillingdon
E05013574,8204,2437,1132,Northwood,Hillingdon
E05013575,8479,2819,1113,Northwood Hills,Hillingdon
E05013576,11404,3006,885,Pinkwell,Hillingdon
E05013577,11677,4627,1547,Ruislip,Hillingdon
E05013578,7890,3348,847,Ruislip Manor,Hillingdon
E05013579,11904,4128,1279,South Ruislip,Hillingdon
E05013580,11231,3634,1096,Uxbridge,Hillingdon
E05013581,11972,3789,833,West Drayton,Hillingdon
E05013582,12113,3172,873,Wood End,Hillingdon
E05013583,8500,2327,538,Yeading,Hillingdon
E05013584,7965,2054,585,Yiewsley,Hillingdon
E05013606,10430,3255,935,Bedfont,Hounslow
E05013607,5941,1483,411,Brentford East,Hounslow
E05013608,5928,2142,556,Brentford West,Hounslow
E05013609,9133,3273,927,Chiswick Gunnersbury,Hounslow
E05013610,10276,3728,1299,Chiswick Homefields,Hounslow
E05013611,7746,3032,780,Chiswick Riverside,Hounslow
E05013612,10926,3031,983,Cranford,Hounslow
E05013613,8956,3003,819,Feltham North,Hounslow
E05013614,10894,3461,951,Feltham West,Hounslow
E05013615,7430,2354,721,Hanworth Park,Hounslow
E05013616,11130,3336,864,Hanworth Village,Hounslow
E05013617,9693,2774,896,Heston Central,Hounslow
E05013618,8133,2397,649,Heston East,Hounslow
E05013619,10054,2769,848,Heston West,Hounslow
E05013620,7591,2395,613,Hounslow Central,Hounslow
E05013621,6437,1964,540,Hounslow East,Hounslow
E05013622,10944,3378,944,Hounslow Heath,Hounslow
E05013623,10089,3420,977,Hounslow South,Hounslow
E05013624,11168,3476,960,Hounslow West,Hounslow
E05013625,9653,3453,852,Isleworth,Hounslow
E05013626,10449,3316,906,Osterley and Spring Grove,Hounslow
E05013627,8961,2835,797,Syon and Brentford Lock,Hounslow
E05013697,8539,3169,764,Arsenal,Islington
E05013698,7792,2806,876,Barnsbury,Islington
E05013699,6794,1939,624,Bunhill,Islington
E05013700,6811,2203,655,Caledonian,Islington
E05013701,8384,2757,732,Canonbury,Islington
E05013702,7044,2361,733,Clerkenwell,Islington
E05013703,9048,3225,606,Finsbury Park,Islington
E05013704,9197,3516,1044,Highbury,Islington
E05013705,9877,3584,807,Hillrise,Islington
E05013706,7611,2623,714,Holloway,Islington
E05013707,8452,2815,772,Junction,Islington
E05013708,7988,2505,732,Laycock,Islington
E05013709,9145,3198,765,Mildmay,Islington
E05013710,7710,2816,728,St Mary's and St James',Islington
E05013711,7309,2220,673,St Peter's and Canalside,Islington
E05013712,9391,3766,790,Tollington,Islington
E05013713,8590,3305,979,Tufnell Park,Islington
E05009388,5125,1283,611,Abingdon,Kensington and Chelsea
E05009389,5193,1086,628,Brompton and Hans Town,Kensington and Chelsea
E05009390,5383,1481,674,Campden,Kensington and Chelsea
E05009391,5962,1681,661,Chelsea Riverside,Kensington and Chelsea
E05009392,6172,1643,460,Colville,Kensington and Chelsea
E05009393,5263,1145,639,Courtfield,Kensington and Chelsea
E05009394,4564,1360,326,Dalgarno,Kensington and Chelsea
E05009395,5792,1780,593,Earl's Court,Kensington and Chelsea
E05009396,6063,1436,313,Golborne,Kensington and Chelsea
E05009397,5659,1655,666,Holland,Kensington and Chelsea
E05009398,3729,1120,478,Norland,Kensington and Chelsea
E05009399,5775,1634,403,Notting Dale,Kensington and Chelsea
E05009400,3397,1081,378,Pembridge,Kensington and Chelsea
E05009401,4377,1030,550,Queen's Gate,Kensington and Chelsea
E05009402,5899,1398,630,Redcliffe,Kensington and Chelsea
E05009403,5968,1614,810,Royal Hospital,Kensington and Chelsea
E05009404,4230,1484,358,St Helen's,Kensington and Chelsea
E05009405,6303,1490,765,Stanley,Kensington and Chelsea
E05013928,4432,1706,741,Alexandra,Kingston upon Thames
E05013929,4860,1695,1092,Berrylands,Kingston upon Thames
E05013930,5561,1708,1000,Canbury Gardens,Kingston upon Thames
E05013931,7305,2298,1081,Chessington South and Malden Rushett,Kingston upon Thames
E05013932,5306,1462,840,Coombe Hill,Kingston upon Thames
E05013933,7429,2597,1297,Coombe Vale,Kingston upon Thames
E05013934,4709,1631,733,Green Lane and St James,Kingston upon Thames
E05013935,7874,2153,1373,Hook and Chessington North,Kingston upon Thames
E05013936,4471,1293,675,King George's and Sunray,Kingston upon Thames
E05013937,7725,2641,1133,Kingston Gate,Kingston upon Thames
E05013938,6825,2172,899,Kingston Town,Kingston upon Thames
E05013939,5240,1687,943,Motspur Park and Old Malden East,Kingston upon Thames
E05013940,6962,2472,1131,New Malden Village,Kingston upon Thames
E05013941,7075,2094,910,Norbiton,Kingston upon Thames
E05013942,4914,1660,903,Old Malden,Kingston upon Thames
E05013943,9256,3153,1069,St Mark's and Seething Wells,Kingston upon Thames
E05013944,7888,2443,1208,Surbiton Hill,Kingston upon Thames
E05013945,7939,2617,1083,Tolworth,Kingston upon Thames
E05013946,5215,1975,906,Tudor,Kingston upon Thames
E05014095,10948,3817,693,Brixton Acre Lane,Lambeth
E05014096,11046,2875,581,Brixton North,Lambeth
E05014097,10645,3849,688,Brixton Rush Common,Lambeth
E05014098,6974,2329,410,Brixton Windrush,Lambeth
E05014099,7393,2411,816,Clapham Common and Abbeville,Lambeth
E05014100,7187,1880,343,Clapham East,Lambeth
E05014101,9436,2547,573,Clapham Park,Lambeth
E05014102,11465,3439,949,Clapham Town,Lambeth
E05014103,7825,2821,480,Gipsy Hill,Lambeth
E05014104,11455,4550,840,Herne Hill and Loughborough Junction,Lambeth
E05014105,11381,3671,953,Kennington,Lambeth
E05014106,11835,4182,766,Knight's Hill,Lambeth
E05014107,8255,2515,547,Myatt's Fields,Lambeth
E05014108,9151,3042,647,Oval,Lambeth
E05014109,7384,2353,445,St Martin's,Lambeth
E05014110,7101,2279,488,Stockwell East,Lambeth
E05014111,11516,3.013,700,Stockwell West and Larkhall,Lambeth
E05014112,11570,3648,851,Streatham Common and Vale,Lambeth
E05014113,7215,2666,489,Streatham Hill East,Lambeth
E05014114,7850,2852,653,Streatham Hill West and Thornton,Lambeth
E05014115,10736,3492,718,Streatham St Leonard's,Lambeth
E05014116,7052,2507,540,Streatham Wells,Lambeth
E05014117,6156,1481,434,Vauxhall,Lambeth
E05014118,6160,1634,506,Waterloo and South Bank,Lambeth
E05014119,8270,3384,718,West Dulwich,Lambeth
E05014053,3898,1078,166,Abbey,Barking and Dagenham
E05014054,6891,1735,554,Alibon,Barking and Dagenham
E05014055,8300,1863,490,Barking Riverside,Barking and Dagenham
E05014056,5921,1269,488,Beam,Barking and Dagenham
E05014057,6758,1795,545,Becontree,Barking and Dagenham
E05014058,9605,2335,702,Chadwell Heath,Barking and Dagenham
E05014059,6292,1852,697,Eastbrook and Rush Green,Barking and Dagenham
E05014060,10441,2562,955,Eastbury,Barking and Dagenham
E05014061,8193,1992,511,Gascoigne,Barking and Dagenham
E05014062,8859,2400,714,Goresbrook,Barking and Dagenham
E05014063,6058,1574,420,Heath,Barking and Dagenham
E05014064,9271,3055,991,Longbridge,Barking and Dagenham
E05014065,9888,2471,812,Mayesbrook,Barking and Dagenham
E05014066,9090,2040,714,Northbury,Barking and Dagenham
E05014067,10093,2857,830,Parsloes,Barking and Dagenham
E05014068,3848,1056,284,Thames View,Barking and Dagenham
E05014069,10297,2597,781,Valence,Barking and Dagenham
E05014070,8539,2388,756,Village,Barking and Dagenham
E05014071,9238,2340,726,Whalebone,Barking and Dagenham
E05013714,7568,426,1887,Bellingham,Lewisham
E05013715,11831,4142,1253,Blackheath,Lewisham
E05013716,12403,4504,891,Brockley,Lewisham
E05013717,12011,9779,999,Catford South,Lewisham
E05013718,11074,4721,994,Crofton Park,Lewisham
E05013719,11436,3738,741,Deptford,Lewisham
E05013720,12487,3006,916,Downham,Lewisham
E05013721,10097,2816,756,Evelyn,Lewisham
E05013722,11228,4322,1107,Forest Hill,Lewisham
E05013723,10943,3323,916,Grove Park,Lewisham
E05013724,13432,4263,1074,Hither Green,Lewisham
E05013725,10955,4354,1005,Ladywell,Lewisham
E05013726,10392,4061,902,Lee Green,Lewisham
E05013727,5739,1782,420,Lewisham Central,Lewisham
E05013728,6614,2075,460,New Cross Gate,Lewisham
E05013729,13156,5154,1035,Perry Vale,Lewisham
E05013730,12232,4070,999,Rushey Green,Lewisham
E05013731,12330,4186,1073,Sydenham,Lewisham
E05013732,12020,4584,898,Telegraph Hill,Lewisham
E05013810,7631,2915,667,Abbey,Merton
E05013811,7165,3012,931,Cannon Hill,Merton
E05013812,8418,3323,652,Colliers Wood,Merton
E05013813,8417,2475,654,Cricket Green,Merton
E05013814,7576,2184,521,Figge's Marsh,Merton
E05013815,8427,2697,532,Graveney,Merton
E05013816,6271,2353,732,Hillside,Merton
E05013817,8057,2244,655,Lavender Fields,Merton
E05013818,8147,2342,682,Longthornton,Merton
E05013819,8546,3441,972,Lower Morden,Merton
E05013820,6185,2455,772,Merton Park,Merton
E05013821,8447,2251,690,Pollards Hill,Merton
E05013822,6728,2417,636,Ravensbury,Merton
E05013823,8862,3353,945,Raynes Park,Merton
E05013824,7660,2474,664,St Helier,Merton
E05013825,8777,3194,1473,Village,Merton
E05013826,5492,2349,473,Wandle,Merton
E05013827,7733,2918,902,West Barnes,Merton
E05013828,8079,2895,884,Wimbledon Park,Merton
E05013829,8959,3613,970,Wimbledon Town and Dundonald,Merton
E05013904,11167,2850,532,Beckton,Newham
E05013905,10763,4003,629,Boleyn,Newham
E05013906,7301,1980,302,Canning Town North,Newham
E05013907,6152,1633,283,Canning Town South,Newham
E05013908,11470,2967,624,Custom House,Newham
E05013909,11141,3559,652,East Ham,Newham
E05013910,11935,4013,677,East Ham South,Newham
E05013911,7688,2761,428,Forest Gate North,Newham
E05013912,12190,3922,568,Forest Gate South,Newham
E05013913,11274,3740,567,Green Street East,Newham
E05013914,10342,3289,545,Green Street West,Newham
E05013915,12080,3884,568,Little Ilford,Newham
E05013916,10873,3549,596,Manor Park,Newham
E05013917,8543,2411,449,Maryland,Newham
E05013918,11560,3224,670,Plaistow North,Newham
E05013919,8938,2628,548,Plaistow South,Newham
E05013920,11437,3010,612,Plaistow West and Canning Town East,Newham
E05013921,7939,2807,382,Plashet,Newham
E05013922,7256,1725,355,Royal Albert,Newham
E05013923,11112,2511,457,Royal Victoria,Newham
E05013924,10635,2667,494,Stratford,Newham
E05013925,8414,2259,380,Stratford Olympic Park,Newham
E05013926,11957,4113,622,Wall End,Newham
E05013927,10661,2799,498,West Ham,Newham
E05011234,10646,3777,820,Aldborough,Redbridge
E05011235,11126,3976,1048,Barkingside,Redbridge
E05011236,9653,3502,890,Bridge,Redbridge
E05011237,11275,3612,764,Chadwell,Redbridge
E05011238,10773,4178,1077,Churchfields,Redbridge
E05011239,10206,3505,985,Clayhall,Redbridge
E05011240,9574,2687,620,Clementswood,Redbridge
E05011241,9865,3198,602,Cranbrook,Redbridge
E05011242,10204,3340,946,Fairlop,Redbridge
E05011243,11543,3859,1027,Fullwell,Redbridge
E05011244,10594,3107,555,Goodmayes,Redbridge
E05011245,10890,3244,995,Hainault,Redbridge
E05011246,7900,2312,411,Ilford Town,Redbridge
E05011247,10277,2624,559,Loxford,Redbridge
E05011248,10598,3235,696,Mayfield,Redbridge
E05011249,7333,2757,1094,Monkhams,Redbridge
E05011250,9905,3461,729,Newbury,Redbridge
E05011251,10346,3441,631,Seven Kings,Redbridge
E05011252,8994,3498,969,South Woodford,Redbridge
E05011253,10733,3471,708,Valentines,Redbridge
E05011254,6021,2618,577,Wanstead Park,Redbridge
E05011255,9460,3871,961,Wanstead Village,Redbridge
E05013774,7695,2982,992,Barnes,Richmond upon Thames
E05013775,7584,3027,917,East Sheen,Richmond upon Thames
E05013776,8030,3112,1011,Fulwell and Hampton Hill,Richmond upon Thames
E05013777,7491,3058,851,"Ham, Petersham and Richmond Riverside",Richmond upon Thames
E05013778,7453,2974,1016,Hampton,Richmond upon Thames
E05013779,7352,2350,958,Hampton North,Richmond upon Thames
E05013780,8121,2995,1123,Hampton Wick and South Teddington,Richmond upon Thames
E05013781,7345,2492,774,Heathfield,Richmond upon Thames
E05013782,8510,3278,1087,Kew,Richmond upon Thames
E05013783,8387,3088,871,Mortlake and Barnes Common,Richmond upon Thames
E05013784,7693,2688,997,North Richmond,Richmond upon Thames
E05013786,7792,2827,1079,South Richmond,Richmond upon Thames
E05013787,7534,3359,936,South Twickenham,Richmond upon Thames
E05013785,8399,3327,901,St Margarets and North Twickenham,Richmond upon Thames
E05013788,8126,3252,1145,Teddington,Richmond upon Thames
E05013789,8094,3148,934,Twickenham Riverside,Richmond upon Thames
E05013790,7914,3047,848,West Twickenham,Richmond upon Thames
E05013791,7670,2975,863,Whitton,Richmond upon Thames
E05011095,6719,1544,765,Borough and Bankside,Southwark
E05011096,11745,2993,1289,Camberwell Green,Southwark
E05011097,7069,2236,879,Champion Hill,Southwark
E05011098,10394,2920,1023,Chaucer,Southwark
E05011099,7262,2667,801,Dulwich Hill,Southwark
E05011100,7899,3535,1326,Dulwich Village,Southwark
E05011101,7528,2251,1225,Dulwich Wood,Southwark
E05011102,8370,2117,867,Faraday,Southwark
E05011103,10632,4182,1220,Goose Green,Southwark
E05011104,11141,2919,1147,London Bridge and West Bermondsey,Southwark
E05011105,10643,2863,1101,Newington,Southwark
E05011106,11650,2855,1483,North Bermondsey,Southwark
E05011107,12020,2920,1227,North Walworth,Southwark
E05011108,12102,3725,1156,Nunhead and Queen's Road,Southwark
E05011109,12452,2841,1279,Old Kent Road,Southwark
E05011110,11352,2650,1012,Peckham,Southwark
E05011111,7528,3060,813,Peckham Rye,Southwark
E05011112,11037,3151,1208,Rotherhithe,Southwark
E05011113,11253,3927,1138,Rye Lane,Southwark
E05011116,11594,2831,1183,South Bermondsey,Southwark
E05011114,5637,1394,692,St George's,Southwark
E05011115,11645,3902,1226,St Giles,Southwark
E05011117,9975,2831,1168,Surrey Docks,Southwark
E05013754,8517,2954,1016,Beddington,Sutton
E05013755,8607,3424,1159,Belmont,Sutton
E05013756,9052,3497,1126,Carshalton Central,Sutton
E05013757,7972,3083,1106,Carshalton South and Clockhouse,Sutton
E05013758,8565,3159,1326,Cheam,Sutton
E05013759,5495,1871,413,Hackbridge,Sutton
E05013760,8801,3546,967,North Cheam,Sutton
E05013763,8160,2642,894,South Beddington and Roundshaw,Sutton
E05013761,5993,1756,467,St Helier East,Sutton
E05013762,8779,2592,790,St Helier West,Sutton
E05013764,5857,2144,670,Stonecot,Sutton
E05013765,8797,2902,648,Sutton Central,Sutton
E05013766,8434,3000,925,Sutton North,Sutton
E05013767,8881,2922,1054,Sutton South,Sutton
E05013768,8467,3035,929,Sutton West and East Cheam,Sutton
E05013769,8092,2842,897,The Wrythe,Sutton
E05013770,8875,3131,968,Wallington North,Sutton
E05013771,8561,2957,914,Wallington South,Sutton
E05013772,5970,2221,637,Worcester Park North,Sutton
E05013773,5605,2351,735,Worcester Park South,Sutton
E05009317,14448,5694,849,Bethnal Green East,Tower Hamlets
E05009331,14630,5895,807,Bethnal Green West,Tower Hamlets
E05009318,15807,4356,1024,Blackwall and Cubitt Town,Tower Hamlets
E05009319,15317,5767,950,Bow East,Tower Hamlets
E05009320,9695,4227,599,Bow West,Tower Hamlets
E05009321,8843,3376,428,Bromley North,Tower Hamlets
E05009322,9595,3634,456,Bromley South,Tower Hamlets
E05009323,12314,3218,804,Canary Wharf,Tower Hamlets
E05009324,9960,3638,789,Island Gardens,Tower Hamlets
E05009325,14764,4901,738,Lansbury,Tower Hamlets
E05009326,4651,1665,396,Limehouse,Tower Hamlets
E05009327,14877,5418,820,Mile End,Tower Hamlets
E05009328,5640,2060,299,Poplar,Tower Hamlets
E05009329,9796,3912,567,St Dunstan's,Tower Hamlets
E05009330,9041,3316,772,St Katharine's and Wapping,Tower Hamlets
E05009332,9256,3743,609,Shadwell,Tower Hamlets
E05009333,9292,3221,658,Spitalfields and Banglatown,Tower Hamlets
E05009334,8856,3575,509,Stepney Green,Tower Hamlets
E05009335,9669,3512,613,Weavers,Tower Hamlets
E05009336,12579,4182,783,Whitechapel,Tower Hamlets
E05013882,10641,3394,529,Cann Hall,Waltham Forest
E05013883,7048,1899,330,Cathall,Waltham Forest
E05013884,9876,3445,652,Chapel End,Waltham Forest
E05013885,8688,3444,652,Chingford Green,Waltham Forest
E05013886,6572,2359,695,Endlebury,Waltham Forest
E05013887,10841,3737,664,Forest,Waltham Forest
E05013888,9884,3694,526,Grove Green,Waltham Forest
E05013889,6545,2746,508,Hale End and Highams Park South,Waltham Forest
E05013890,9680,3684,934,Hatch Lane and Highams Park North,Waltham Forest
E05013891,8387,3024,492,High Street,Waltham Forest
E05013892,9726,2956,520,Higham Hill,Waltham Forest
E05013893,10118,3590,598,Hoe Street,Waltham Forest
E05013894,9222,3217,821,Larkswood,Waltham Forest
E05013895,10123,3405,525,Lea Bridge,Waltham Forest
E05013896,10041,2949,506,Leyton,Waltham Forest
E05013897,9282,3323,591,Leytonstone,Waltham Forest
E05013898,6705,2406,486,Markhouse,Waltham Forest
E05013899,9419,3786,543,St James,Waltham Forest
E05013900,5988,2203,412,Upper Walthamstow,Waltham Forest
E05013901,10088,3250,855,Valley,Waltham Forest
E05013902,10148,3955,584,William Morris,Waltham Forest
E05013903,6675,2655,416,Wood Street,Waltham Forest
E05014009,12587,4872,1741,Balham,Wandsworth
E05014010,12502,3570,1475,Battersea Park,Wandsworth
E05014011,12288,4979,1525,East Putney,Wandsworth
E05014012,7365,2115,655,Falconbrook,Wandsworth
E05014013,12258,4806,1096,Furzedown,Wandsworth
E05014014,8680,3029,956,Lavender,Wandsworth
E05014015,4567,1243,388,Nine Elms,Wandsworth
E05014016,8914,3680,1368,Northcote,Wandsworth
E05014017,11303,3378,1393,Roehampton,Wandsworth
E05014019,10791,2972,1042,Shaftesbury and Queenstown,Wandsworth
E05014020,7688,3161,895,South Balham,Wandsworth
E05014021,8836,3940,1231,Southfields,Wandsworth
E05014018,11269,3840,1263,St Mary's,Wandsworth
E05014022,12364,4952,1635,Thamesfield,Wandsworth
E05014023,12296,4523,1142,Tooting Bec,Wandsworth
E05014024,11876,4349,946,Tooting Broadway,Wandsworth
E05014025,8366,3453,1035,Trinity,Wandsworth
E05014026,7766,3102,823,Wandle,Wandsworth
E05014027,12002,4392,1583,Wandsworth Common,Wandsworth
E05014028,13151,4874,1457,Wandsworth Town,Wandsworth
E05014029,11428,4407,1524,West Hill,Wandsworth
E05014030,12022,4295,1915,West Putney,Wandsworth
E05013792,7691,2119,813,Abbey Road,Westminster
E05013793,7465,2025,637,Bayswater,Westminster
E05013794,7165,1727,411,Church Street,Westminster
E05013795,7509,2133,411,Harrow Road,Westminster
E05013796,5763,1504,600,Hyde Park,Westminster
E05013797,6535,1446,727,Knightsbridge and Belgravia,Westminster
E05013798,6757,1905,635,Lancaster Gate,Westminster
E05013799,6641,2157,613,Little Venice,Westminster
E05013800,7553,1959,528,Maida Vale,Westminster
E05013801,7814,1961,814,Marylebone,Westminster
E05013802,7650,2338,630,Pimlico North,Westminster
E05013803,7102,2561,650,Pimlico South,Westminster
E05013804,8485,2396,438,Queen's Park,Westminster
E05013805,7501,1942,712,Regent's Park,Westminster
E05013806,6821,1679,624,St James's,Westminster
E05013807,7418,2186,795,Vincent Square,Westminster
E05013808,7121,2098,632,West End,Westminster
E05013809,7612,2065,451,Westbourne,Westminster
