borough_original,ward_original,election_date,num_councillors,entitled_electors,valid_ballots,rejected_ballots,ballots_polling,ballots_postal,percentage_pol,rb_official_mark,rb_more_candidates,rb_voter_defined,rb_unmarked_void,rejected_in_part,ward,borough,WD22CD,LAD22CD
Barking and Dagenham,Abbey,2022-05-05,2,2802,746,3,536,210,0.2662,0,1,0,2,7,Abbey,Barking & Dagenham,E05014053,E09000002
Barking and Dagenham,Alibon,2022-05-05,2,6524,1483,16,865,618,0.2273,0,0,0,16,9,Alibon,Barking & Dagenham,E05014054,E09000002
Barking and Dagenham,Barking Riverside,2022-05-05,3,6037,1479,12,1009,470,0.245,0,5,0,7,5,Barking Riverside,Barking & Dagenham,E05014055,E09000002
Barking and Dagenham,Beam,2022-05-05,3,5277,1384,7,824,560,0.2623,0,1,0,6,8,Beam,Barking & Dagenham,E05014056,E09000002
Barking and Dagenham,Becontree,2022-05-05,2,6365,1478,11,892,586,0.2322,0,4,0,7,10,Becontree,Barking & Dagenham,E05014057,E09000002
Barking and Dagenham,Chadwell Heath,2022-05-05,3,8985,2353,20,1555,798,0.262,0,1,0,19,13,Chadwell Heath,Barking & Dagenham,E05014058,E09000002
Barking and Dagenham,Eastbrook & Rush Green,2022-05-05,2,6130,1664,5,929,735,0.2714999999999999,0,2,0,3,3,Eastbrook & Rush Green,Barking & Dagenham,E05014059,E09000002
Barking and Dagenham,Eastbury,2022-05-05,3,10041,2123,16,1199,924,0.2114,0,2,0,14,9,Eastbury,Barking & Dagenham,E05014060,E09000002
Barking and Dagenham,Gascoigne,2022-05-05,3,6448,1563,13,1014,549,0.2423999999999999,0,6,0,7,11,Gascoigne,Barking & Dagenham,E05014061,E09000002
Barking and Dagenham,Goresbrook,2022-05-05,3,8858,1949,28,1236,713,0.22,0,4,0,24,15,Goresbrook,Barking & Dagenham,E05014062,E09000002
Barking and Dagenham,Heath,2022-05-05,2,5901,1365,18,883,482,0.2312999999999999,0,11,0,7,8,Heath,Barking & Dagenham,E05014063,E09000002
Barking and Dagenham,Longbridge,2022-05-05,3,8922,3065,11,2036,1029,0.3435,0,1,0,10,4,Longbridge,Barking & Dagenham,E05014064,E09000002
Barking and Dagenham,Mayesbrook,2022-05-05,3,9594,1977,25,1185,792,0.2061,0,2,0,23,12,Mayesbrook,Barking & Dagenham,E05014065,E09000002
Barking and Dagenham,Northbury,2022-05-05,3,8545,2017,8,1297,720,0.236,0,6,1,1,5,Northbury,Barking & Dagenham,E05014066,E09000002
Barking and Dagenham,Parsloes,2022-05-05,3,9936,2178,16,1343,815,0.2192,0,5,0,11,7,Parsloes,Barking & Dagenham,E05014067,E09000002
Barking and Dagenham,Thames View,2022-05-05,2,3558,1012,1,667,345,0.2844,0,0,0,1,2,Thames View,Barking & Dagenham,E05014068,E09000002
Barking and Dagenham,Valence,2022-05-05,3,9811,2088,20,1253,835,0.2128,0,8,0,12,6,Valence,Barking & Dagenham,E05014069,E09000002
Barking and Dagenham,Village,2022-05-05,3,8429,2208,11,1381,827,0.262,0,3,0,8,9,Village,Barking & Dagenham,E05014070,E09000002
Barking and Dagenham,Whalebone,2022-05-05,3,8830,2402,19,1540,862,0.272,0,5,0,14,12,Whalebone,Barking & Dagenham,E05014071,E09000002
Barnet,Barnet Vale,2022-05-05,3,11968,5075,0,3324,1751,0.424,0,1,0,15,0,Barnet Vale,Barnet,E05013628,E09000003
Barnet,Brunswick Park,2022-05-05,3,11585,4791,0,3199,1592,0.414,0,8,0,14,0,Brunswick Park,Barnet,E05013629,E09000003
Barnet,Burnt Oak,2022-05-05,3,13436,3684,0,2112,1572,0.274,0,9,0,17,0,Burnt Oak,Barnet,E05013630,E09000003
Barnet,Childs Hill,2022-05-05,3,12558,4510,0,2763,1747,0.359,0,7,0,14,0,Childs Hill,Barnet,E05013631,E09000003
Barnet,Colindale North,2022-05-05,2,7289,1827,0,1081,746,0.251,0,8,0,2,0,Colindale North,Barnet,E05013632,E09000003
Barnet,Colindale South,2022-05-05,3,11305,3131,0,1903,1228,0.277,0,8,0,10,0,Colindale South,Barnet,E05013633,E09000003
Barnet,Cricklewood,2022-05-05,2,6154,1885,0,1234,651,0.306,1,1,0,6,0,Cricklewood,Barnet,E05013634,E09000003
Barnet,East Barnet,2022-05-05,3,12351,5261,0,3470,1791,0.427,0,3,0,16,0,East Barnet,Barnet,E05013635,E09000003
Barnet,East Finchley,2022-05-05,3,11025,4813,0,3416,1397,0.437,0,1,1,11,0,East Finchley,Barnet,E05013636,E09000003
Barnet,Edgware,2022-05-05,3,13456,5070,0,2748,2322,0.377,0,3,0,14,0,Edgware,Barnet,E05013637,E09000003
Barnet,Edgwarebury,2022-05-05,2,8279,3610,0,2259,1351,0.436,0,2,0,17,0,Edgwarebury,Barnet,E05013638,E09000003
Barnet,Finchley Church End,2022-05-05,3,12991,5266,0,3287,1979,0.405,0,4,0,18,0,Finchley Church End,Barnet,E05013639,E09000003
Barnet,Friern Barnet,2022-05-05,3,12662,4640,0,3246,1394,0.366,0,3,0,14,0,Friern Barnet,Barnet,E05013640,E09000003
Barnet,Garden Suburb,2022-05-05,2,9015,3848,1,2346,1502,0.427,0,1,0,11,1,Garden Suburb,Barnet,E05013641,E09000003
Barnet,Golders Green,2022-05-05,2,8621,3175,0,1865,1310,0.368,0,3,0,8,0,Golders Green,Barnet,E05013642,E09000003
Barnet,Hendon,2022-05-05,3,13484,4620,0,2850,1770,0.344,0,0,0,8,0,Hendon,Barnet,E05013643,E09000003
Barnet,High Barnet,2022-05-05,2,8754,4054,0,2791,1263,0.463,0,6,0,10,0,High Barnet,Barnet,E05013644,E09000003
Barnet,Mill Hill,2022-05-05,3,12489,4453,0,2620,1833,0.357,3,11,1,11,0,Mill Hill,Barnet,E05013645,E09000003
Barnet,Totteridge and Woodside,2022-05-05,3,10367,4151,0,2512,1639,0.4,0,0,0,10,0,Totteridge & Woodside,Barnet,E05013646,E09000003
Barnet,Underhill,2022-05-05,2,8641,3746,0,2458,1288,0.434,1,5,0,8,0,Underhill,Barnet,E05013647,E09000003
Barnet,West Finchley,2022-05-05,3,12536,5600,0,3747,1853,0.447,0,4,0,14,0,West Finchley,Barnet,E05013648,E09000003
Barnet,West Hendon,2022-05-05,3,10638,3388,0,2004,1384,0.318,0,4,0,14,0,West Hendon,Barnet,E05013649,E09000003
Barnet,Whetstone,2022-05-05,2,7923,3430,0,2247,1183,0.433,0,5,0,8,0,Whetstone,Barnet,E05013650,E09000003
Barnet,Woodhouse,2022-05-05,2,9447,3452,0,2219,1233,0.365,0,2,0,10,0,Woodhouse,Barnet,E05013651,E09000003
Bexley,Barnehurst,2022-05-05,2,8452,2868,42,1802,1066,0.3393,0,2,0,40,0,Barnehurst,Bexley,E05011217,E09000004
Bexley,Belvedere,2022-05-05,3,11685,3660,51,2610,1050,0.3132,0,9,0,42,0,Belvedere,Bexley,E05011218,E09000004
Bexley,Bexleyheath,2022-05-05,3,12010,4262,57,2554,1708,0.3549,0,24,0,33,0,Bexleyheath,Bexley,E05011219,E09000004
Bexley,Blackfen & Lamorbey,2022-05-05,3,12098,3989,57,2804,1185,0.3297,0,0,0,57,0,Blackfen & Lamorbey,Bexley,E05011220,E09000004
Bexley,Blendon & Penhill,2022-05-05,3,11641,3866,39,2765,1101,0.3321,9,9,0,21,0,Blendon & Penhill,Bexley,E05011221,E09000004
Bexley,Crayford,2022-05-05,3,11244,3661,105,2454,1207,0.3256,0,15,0,90,0,Crayford,Bexley,E05011222,E09000004
Bexley,Crook Log,2022-05-05,3,11679,4217,51,2767,1450,0.3611,0,9,0,42,0,Crook Log,Bexley,E05011223,E09000004
Bexley,East Wickham,2022-05-05,3,11744,4052,0,2717,1335,0.345,0,0,0,0,0,East Wickham,Bexley,E05011224,E09000004
Bexley,Erith,2022-05-05,2,8128,2266,26,1614,652,0.2788,0,4,0,0,22,Erith,Bexley,E05011225,E09000004
Bexley,Falconwood & Welling,2022-05-05,3,11980,3828,21,2555,1273,0.3195,0,6,0,15,0,Falconwood & Welling,Bexley,E05011226,E09000004
Bexley,Longlands,2022-05-05,2,7676,2810,0,1972,838,0.3661,0,0,0,0,0,Longlands,Bexley,E05011227,E09000004
Bexley,Northumberland Heath,2022-05-05,2,7745,2760,14,1899,861,0.3564,0,0,0,0,14,Northumberland Heath,Bexley,E05011228,E09000004
Bexley,Sidcup,2022-05-05,3,11395,3768,72,2603,1165,0.3307,0,12,0,0,60,Sidcup,Bexley,E05011230,E09000004
Bexley,Slade Green & Northend,2022-05-05,2,8450,2057,14,1380,677,0.2434,0,4,0,10,0,Slade Green & Northend,Bexley,E05011231,E09000004
Bexley,St Mary’s & St James,2022-05-05,2,8191,2883,20,1945,938,0.352,0,4,0,16,0,St Mary's & St James,Bexley,E05011229,E09000004
Bexley,Thamesmead East,2022-05-05,3,10076,2454,33,1666,788,0.2435,0,9,0,24,0,Thamesmead East,Bexley,E05011232,E09000004
Bexley,West Heath,2022-05-05,3,11859,4271,150,2903,1368,0.3601,0,15,0,135,0,West Heath,Bexley,E05011233,E09000004
Brent,Alperton,2022-05-05,3,9988,4331,21,3021,1310,0.4336203444132959,0,16,0,5,0,Alperton,Brent,E05013496,E09000005
Brent,Barnhill,2022-05-05,2,7993,2334,16,1735,599,0.2920055048167146,0,10,0,6,0,Barnhill,Brent,E05013497,E09000005
Brent,Brondesbury Park,2022-05-05,2,9556,2980,28,2230,750,0.3118459606529928,0,13,0,15,0,Brondesbury Park,Brent,E05013498,E09000005
Brent,Cricklewood & Mapesbury,2022-05-05,2,9269,2811,20,2076,735,0.3032689610529723,0,11,0,9,0,Cricklewood & Mapesbury,Brent,E05013499,E09000005
Brent,Dollis Hill,2022-05-05,3,14034,3904,16,2757,1147,0.278181559070828,0,9,0,7,0,Dollis Hill,Brent,E05013500,E09000005
Brent,Harlesden & Kensal Green,2022-05-05,3,13663,3475,21,2759,716,0.2543365293127424,0,0,5,16,0,Harlesden & Kensal Green,Brent,E05013501,E09000005
Brent,Kenton,2022-05-05,3,12774,4509,0,3148,1361,0.353,0,9,0,7,0,Kenton,Brent,E05013502,E09000005
Brent,Kilburn,2022-05-05,3,12248,3086,19,2383,703,0.2519595035924232,0,6,0,13,0,Kilburn,Brent,E05013503,E09000005
Brent,Kingsbury,2022-05-05,2,7921,2475,16,1826,649,0.3124605479106173,0,7,0,9,0,Kingsbury,Brent,E05013504,E09000005
Brent,Northwick Park,2022-05-05,2,8763,2928,6,2153,775,0.3341321465251626,0,5,0,1,0,Northwick Park,Brent,E05013505,E09000005
Brent,Preston,2022-05-05,2,7929,2764,11,2072,692,0.348593769706142,0,6,0,5,0,Preston,Brent,E05013506,E09000005
Brent,Queens Park,2022-05-05,3,12620,3958,21,3065,893,0.3136291600633914,0,8,1,12,0,Queens Park,Brent,E05013507,E09000005
Brent,Queensbury,2022-05-05,3,12069,4123,23,3023,1100,0.3416190239456458,0,10,0,13,0,Queensbury,Brent,E05013508,E09000005
Brent,Roundwood,2022-05-05,3,10791,2704,22,2102,602,0.2505791863590029,0,6,0,16,0,Roundwood,Brent,E05013509,E09000005
Brent,Stonebridge,2022-05-05,3,13593,3034,0,2370,664,0.2232031192525564,0,5,0,7,0,Stonebridge,Brent,E05013510,E09000005
Brent,Sudbury,2022-05-05,2,9240,3404,22,2482,922,0.3683982683982684,0,17,0,5,0,Sudbury,Brent,E05013511,E09000005
Brent,Tokyngton,2022-05-05,2,7270,2469,16,1951,518,0.3396148555708391,0,13,0,3,0,Tokyngton,Brent,E05013512,E09000005
Brent,Welsh Harp,2022-05-05,3,12417,3358,15,2509,849,0.2704356930015301,0,10,1,4,0,Welsh Harp,Brent,E05013513,E09000005
Brent,Wembley Central,2022-05-05,3,12486,4594,33,3489,1105,0.367932083934006,0,21,0,12,0,Wembley Central,Brent,E05013514,E09000005
Brent,Wembley Hill,2022-05-05,3,10909,3280,22,2421,859,0.300669172243102,0,12,0,10,0,Wembley Hill,Brent,E05013515,E09000005
Brent,Wembley Park,2022-05-05,2,4753,998,0,808,190,0.2099726488533558,0,0,0,4,0,Wembley Park,Brent,E05013516,E09000005
Brent,Willesden Green,2022-05-05,3,12784,3954,0,3063,891,0.3092928660826032,0,8,0,9,0,Willesden Green,Brent,E05013517,E09000005
Bromley,Beckenham Town & Copers Cope,2022-05-05,3,11995,5146,14,3717,1429,0.429,0,1,0,13,0,Beckenham Town & Copers Cope,Bromley,E05013987,E09000006
Bromley,Bickley & Sundridge,2022-05-05,3,13421,5176,25,3500,1676,0.3857,0,5,0,20,0,Bickley & Sundridge,Bromley,E05013988,E09000006
Bromley,Biggin Hill,2022-05-05,2,8455,3165,12,2350,815,0.3743,0,1,0,11,0,Biggin Hill,Bromley,E05013989,E09000006
Bromley,Bromley Common & Holwood,2022-05-05,3,13949,4488,17,3095,1393,0.3217,0,4,0,13,0,Bromley Common & Holwood,Bromley,E05013990,E09000006
Bromley,Bromley Town,2022-05-05,3,11353,4304,0,2957,1347,0.2,0,2,0,18,0,Bromley Town,Bromley,E05013991,E09000006
Bromley,Chelsfield,2022-05-05,2,8720,3551,6,2446,1105,0.4072,0,0,0,6,0,Chelsfield,Bromley,E05013992,E09000006
Bromley,Chislehurst,2022-05-05,3,11576,4801,6,3164,1637,0.4147,0,2,0,4,0,Chislehurst,Bromley,E05013993,E09000006
Bromley,Clock House,2022-05-05,3,12647,5237,14,4113,1124,0.4140902980944097,0,4,0,10,0,Clock House,Bromley,E05013994,E09000006
Bromley,Crystal Palace & Anerley,2022-05-05,2,8373,2563,12,2024,539,0.3061,0,1,0,11,0,Crystal Palace & Anerley,Bromley,E05013995,E09000006
Bromley,Darwin,2022-05-05,1,4241,1630,5,1228,402,0.3843,0,2,0,3,0,Darwin,Bromley,E05013996,E09000006
Bromley,Farnborough & Crofton,2022-05-05,3,13524,5427,23,3783,1644,0.4013,0,1,0,22,0,Farnborough & Crofton,Bromley,E05013997,E09000006
Bromley,Hayes & Coney Hall,2022-05-05,3,12106,4859,23,3580,1279,0.4014,0,1,0,22,0,Hayes & Coney Hall,Bromley,E05013998,E09000006
Bromley,Kelsey & Eden Park,2022-05-05,3,11713,4622,16,3113,1509,0.3946,0,3,0,13,0,Kelsey & Eden Park,Bromley,E05013999,E09000006
Bromley,Mottingham,2022-05-05,2,8063,2374,13,1734,640,0.2944,0,2,0,11,0,Mottingham,Bromley,E05014000,E09000006
Bromley,Orpington,2022-05-05,2,9210,3441,24,2386,1055,0.3736,0,4,0,20,0,Orpington,Bromley,E05014001,E09000006
Bromley,Penge & Cator,2022-05-05,3,13622,4873,21,3879,994,0.3577,0,5,0,16,0,Penge & Cator,Bromley,E05014002,E09000006
Bromley,Petts Wood & Knoll,2022-05-05,3,12828,5457,19,3873,1584,0.4254,0,2,0,17,0,Petts Wood & Knoll,Bromley,E05014003,E09000006
Bromley,Plaistow,2022-05-05,2,9383,3521,16,2658,863,0.3753,0,2,0,14,0,Plaistow,Bromley,E05014004,E09000006
Bromley,Shortlands & Park Langley,2022-05-05,3,12497,4874,24,3472,1402,0.39,0,2,0,22,0,Shortlands & Park Langley,Bromley,E05014005,E09000006
Bromley,St Mary Cray,2022-05-05,3,13501,4166,18,2891,1275,0.3086,0,0,0,18,0,St Mary Cray,Bromley,E05014006,E09000006
Bromley,St Paul's Cray,2022-05-05,3,11686,2783,10,1803,980,0.2381,0,3,0,7,0,St Paul's Cray,Bromley,E05014007,E09000006
Bromley,West Wickham,2022-05-05,3,11556,4533,8,3192,1341,0.3923,0,0,4,0,4,West Wickham,Bromley,E05014008,E09000006
Camden,Belsize,2022-05-05,3,8497,3263,0,1738,1525,0.384,0,1,1,7,0,Belsize,Camden,E05013652,E09000007
Camden,Bloomsbury,2022-05-05,3,7039,2125,0,1251,874,0.3019,0,0,0,23,0,Bloomsbury,Camden,E05013653,E09000007
Camden,Camden Square,2022-05-05,2,5559,1769,0,1220,549,0.318,0,3,0,17,0,Camden Square,Camden,E05013654,E09000007
Camden,Camden Town,2022-05-05,2,4833,1411,0,922,489,0.292,0,5,0,5,0,Camden Town,Camden,E05013655,E09000007
Camden,Fortune Green,2022-05-05,3,8590,3193,0,1879,1314,0.3717,0,2,0,3,0,Fortune Green,Camden,E05013656,E09000007
Camden,Frognal,2022-05-05,2,5354,1815,0,794,1021,0.3389999999999999,0,3,0,3,0,Frognal,Camden,E05013657,E09000007
Camden,Gospel Oak,2022-05-05,3,8788,2944,0,1896,1048,0.335,0,8,0,25,0,Gospel Oak,Camden,E05013658,E09000007
Camden,Hampstead Town,2022-05-05,2,5964,2585,0,1373,1212,0.4334,0,1,0,9,0,Hampstead Town,Camden,E05013659,E09000007
Camden,Haverstock,2022-05-05,3,5964,2687,0,1692,995,0.3132,0,6,0,12,0,Haverstock,Camden,E05013660,E09000007
Camden,Highgate,2022-05-05,3,7880,3859,0,2433,1426,0.4897,0,4,0,15,0,Highgate,Camden,E05013661,E09000007
Camden,Holborn & Covent Garden,2022-05-05,3,7973,2626,0,1554,1072,0.3294,0,0,0,19,0,Holborn & Covent Garden,Camden,E05013662,E09000007
Camden,Kentish Town North,2022-05-05,2,5529,2229,0,1358,871,0.4031,0,1,0,8,0,Kentish Town North,Camden,E05013663,E09000007
Camden,Kentish Town South,2022-05-05,3,7420,2658,0,1739,919,0.3582,0,3,0,10,0,Kentish Town South,Camden,E05013664,E09000007
Camden,Kilburn,2022-05-05,3,8157,2414,0,1535,879,0.2959,0,1,0,14,0,Kilburn,Camden,E05013665,E09000007
Camden,King's Cross,2022-05-05,3,7030,1926,0,1199,727,0.274,0,2,0,12,0,King's Cross,Camden,E05013666,E09000007
Camden,Primrose Hill,2022-05-05,3,8683,3167,0,1720,1447,0.3647,0,2,0,6,0,Primrose Hill,Camden,E05013667,E09000007
Camden,Regent's Park,2022-05-05,3,8074,2448,0,1482,966,0.3032,0,4,0,9,0,Regent's Park,Camden,E05013668,E09000007
Camden,South Hampstead,2022-05-05,3,8535,3128,0,1805,1323,0.3665,0,4,0,30,0,South Hampstead,Camden,E05013670,E09000007
Camden,St Pancras & Somers Town,2022-05-05,3,8280,2724,0,1763,961,0.329,0,11,0,11,0,St Pancras & Somers Town,Camden,E05013669,E09000007
Camden,West Hampstead,2022-05-05,3,7993,2866,0,1816,1050,0.3586,0,19,0,12,0,West Hampstead,Camden,E05013671,E09000007
Croydon,Addiscombe East,2022-05-05,2,8868,3817,0,2664,1153,0.4304,0,5,0,14,0,Addiscombe East,Croydon,E05011462,E09000008
Croydon,Addiscombe West,2022-05-05,3,10971,3512,0,2480,1032,0.32,0,4,0,31,0,Addiscombe West,Croydon,E05011463,E09000008
Croydon,Bensham Manor,2022-05-05,3,11525,3247,0,2400,847,0.28,0,10,1,17,0,Bensham Manor,Croydon,E05011464,E09000008
Croydon,Broad Green,2022-05-05,3,13327,3534,0,2467,1067,0.27,0,9,0,19,0,Broad Green,Croydon,E05011465,E09000008
Croydon,Coulsdon Town,2022-05-05,3,11173,4394,0,2792,1602,0.39,0,4,0,19,0,Coulsdon Town,Croydon,E05011466,E09000008
Croydon,Crystal Palace and Upper Norwood,2022-05-05,3,12303,4665,0,3526,1139,0.38,0,6,1,26,0,Crystal Palace & Upper Norwood,Croydon,E05011467,E09000008
Croydon,Fairfield,2022-05-05,3,10928,2672,0,1894,778,0.24,0,3,0,14,0,Fairfield,Croydon,E05011468,E09000008
Croydon,Kenley,2022-05-05,2,7948,3134,0,2037,1097,0.39,0,0,0,10,0,Kenley,Croydon,E05011469,E09000008
Croydon,New Addington North,2022-05-05,2,7191,1843,0,1200,643,0.26,0,3,0,14,0,New Addington North,Croydon,E05011470,E09000008
Croydon,New Addington South,2022-05-05,2,8031,2154,0,1434,720,0.27,0,1,14,0,0,New Addington South,Croydon,E05011471,E09000008
Croydon,Norbury and Pollards Hill,2022-05-05,2,8740,2706,0,1994,712,0.31,0,10,0,28,0,Norbury & Pollards Hill,Croydon,E05011472,E09000008
Croydon,Norbury Park,2022-05-05,2,7826,2765,0,2016,749,0.35,0,7,0,4,0,Norbury Park,Croydon,E05011473,E09000008
Croydon,Old Coulsdon,2022-05-05,2,7597,3479,0,2259,1220,0.46,0,1,0,14,0,Old Coulsdon,Croydon,E05011474,E09000008
Croydon,Park Hill and Whitgift,2022-05-05,1,4307,1812,0,1163,649,0.42,0,2,0,5,0,Park Hill & Whitgift,Croydon,E05011475,E09000008
Croydon,Purley and Woodcote,2022-05-05,3,12521,4685,0,2836,1849,0.37,0,9,0,25,0,Purley & Woodcote,Croydon,E05011476,E09000008
Croydon,Purley Oaks and Riddlesdown,2022-05-05,2,7972,3142,0,2137,1005,0.39,0,7,0,20,0,Purley Oaks & Riddlesdown,Croydon,E05011477,E09000008
Croydon,Sanderstead,2022-05-05,3,11921,5765,0,3729,2036,0.48,0,2,1,8,0,Sanderstead,Croydon,E05011478,E09000008
Croydon,Selhurst,2022-05-05,2,8434,2200,0,1592,608,0.26,0,5,0,7,0,Selhurst,Croydon,E05011479,E09000008
Croydon,Selsdon and Addington Village,2022-05-05,2,7981,3327,0,2249,1078,0.42,0,4,0,35,0,Selsdon & Addington Village,Croydon,E05011480,E09000008
Croydon,Selsdon Vale and Forestdale,2022-05-05,2,7328,2997,0,2036,961,0.41,0,1,0,17,0,Selsdon Vale & Forestdale,Croydon,E05011481,E09000008
Croydon,Shirley North,2022-05-05,3,11735,4152,0,2746,1406,0.35,0,2,0,30,0,Shirley North,Croydon,E05011482,E09000008
Croydon,Shirley South,2022-05-05,2,8198,3179,0,2066,1113,0.39,0,2,0,6,5,Shirley South,Croydon,E05011483,E09000008
Croydon,South Croydon,2022-05-05,3,12465,4788,0,3509,1279,0.38,0,8,0,28,0,South Croydon,Croydon,E05011484,E09000008
Croydon,South Norwood,2022-05-05,3,11540,3507,0,2619,888,0.3,0,5,0,19,0,South Norwood,Croydon,E05011485,E09000008
Croydon,Thornton Heath,2022-05-05,3,12429,3758,0,2816,942,0.3,0,10,0,8,0,Thornton Heath,Croydon,E05011486,E09000008
Croydon,Waddon,2022-05-05,3,12845,4069,0,2747,1322,0.32,0,5,2,18,0,Waddon,Croydon,E05011487,E09000008
Croydon,West Thornton,2022-05-05,3,12554,3408,0,2327,1081,0.27,0,2,0,27,0,West Thornton,Croydon,E05011488,E09000008
Croydon,Woodside,2022-05-05,3,12302,4075,0,2910,1165,0.33,0,9,0,19,0,Woodside,Croydon,E05011489,E09000008
Ealing,Central Greenford,2022-05-05,3,9504,3539,0,1816,1723,0.3724,0,5,0,6,0,Central Greenford,Ealing,E05013518,E09000009
Ealing,Dormers Wells,2022-05-05,3,10323,3847,0,2001,1846,0.3727,0,4,0,13,0,Dormers Wells,Ealing,E05013519,E09000009
Ealing,Ealing Broadway,2022-05-05,3,9646,4097,0,2199,1898,0.4246999999999999,0,6,0,9,0,Ealing Broadway,Ealing,E05013520,E09000009
Ealing,Ealing Common,2022-05-05,3,11142,5099,0,2751,2348,0.4576,0,0,0,16,0,Ealing Common,Ealing,E05013521,E09000009
Ealing,East Acton,2022-05-05,3,9820,3272,0,1768,1504,0.3332,0,7,0,7,0,East Acton,Ealing,E05013522,E09000009
Ealing,Greenford Broadway,2022-05-05,3,11208,3745,0,1925,1820,0.3340999999999999,0,5,1,12,0,Greenford Broadway,Ealing,E05013523,E09000009
Ealing,Hanger Hill,2022-05-05,3,10924,4581,0,2444,2137,0.4194,0,6,1,10,0,Hanger Hill,Ealing,E05013524,E09000009
Ealing,Hanwell Broadway,2022-05-05,3,10019,4354,0,2449,1905,0.4346,0,1,0,18,0,Hanwell Broadway,Ealing,E05013525,E09000009
Ealing,Lady Margaret,2022-05-05,3,10933,4208,0,2018,2190,0.3849,0,0,1,24,0,Lady Margaret,Ealing,E05013526,E09000009
Ealing,North Acton,2022-05-05,3,10727,3294,0,1673,1621,0.3071,0,2,0,8,0,North Acton,Ealing,E05013527,E09000009
Ealing,North Greenford,2022-05-05,3,11263,4326,0,2169,2157,0.3840999999999999,0,7,1,10,0,North Greenford,Ealing,E05013528,E09000009
Ealing,North Hanwell,2022-05-05,3,9849,4018,0,2049,1969,0.408,0,10,0,15,0,North Hanwell,Ealing,E05013529,E09000009
Ealing,Northfield,2022-05-05,3,10185,5472,0,2956,2516,0.5373,0,1,0,16,0,Northfield,Ealing,E05013530,E09000009
Ealing,Northolt Mandeville,2022-05-05,3,11318,4194,0,2163,2031,0.3706,0,9,0,10,0,Northolt Mandeville,Ealing,E05013531,E09000009
Ealing,Northolt West End,2022-05-05,3,10406,3361,0,1731,1630,0.3229999999999999,0,13,0,14,0,Northolt West End,Ealing,E05013532,E09000009
Ealing,Norwood Green,2022-05-05,3,10403,3848,0,2004,1844,0.3699,0,2,0,24,0,Norwood Green,Ealing,E05013533,E09000009
Ealing,Perivale,2022-05-05,3,11024,4546,0,2330,2216,0.4124,0,6,0,15,0,Perivale,Ealing,E05013534,E09000009
Ealing,Pitshanger,2022-05-05,3,10318,4959,0,2764,2195,0.4806,0,7,0,17,0,Pitshanger,Ealing,E05013535,E09000009
Ealing,South Acton,2022-05-05,3,11314,3937,0,2102,1835,0.348,0,7,0,12,0,South Acton,Ealing,E05013536,E09000009
Ealing,Southall Broadway,2022-05-05,2,7414,3101,0,1571,1530,0.4183,0,0,0,10,0,Southall Broadway,Ealing,E05013537,E09000009
Ealing,Southall Green,2022-05-05,3,10530,4507,0,2314,2193,0.428,0,0,1,12,0,Southall Green,Ealing,E05013538,E09000009
Ealing,Southall West,2022-05-05,2,4615,2080,0,1080,1000,0.4507,0,0,1,21,0,Southall West,Ealing,E05013539,E09000009
Ealing,Southfield,2022-05-05,3,11466,5065,0,2539,2526,0.4417,0,2,0,16,0,Southfield,Ealing,E05013540,E09000009
Ealing,Walpole,2022-05-05,3,10169,5121,0,2871,2250,0.5036,0,6,0,10,0,Walpole,Ealing,E05013541,E09000009
Enfield,Arnos Grove,2022-05-05,2,6223,2931,16,1717,1214,0.47,0,4,0,12,0,Arnos Grove,Enfield,E05013672,E09000010
Enfield,Bowes,2022-05-05,2,7090,2340,13,1331,1009,0.33,0,6,0,7,0,Bowes,Enfield,E05013673,E09000010
Enfield,Brimsdown,2022-05-05,3,10455,3347,7,1913,1434,0.32,0,4,3,0,0,Brimsdown,Enfield,E05013674,E09000010
Enfield,Bullsmoor,2022-05-05,2,7434,2352,16,1276,1076,0.316,0,5,0,11,0,Bullsmoor,Enfield,E05013675,E09000010
Enfield,Bush Hill Park,2022-05-05,3,9639,4075,11,2447,1628,0.422,0,5,0,6,0,Bush Hill Park,Enfield,E05013676,E09000010
Enfield,Carterhatch,2022-05-05,2,7313,2246,8,1258,988,0.307,0,4,0,4,0,Carterhatch,Enfield,E05013677,E09000010
Enfield,Cockfosters,2022-05-05,2,7447,2859,3,1498,1361,0.384,0,0,0,3,0,Cockfosters,Enfield,E05013678,E09000010
Enfield,Edmonton Green,2022-05-05,3,10414,3181,20,2001,1180,0.305,0,7,0,13,0,Edmonton Green,Enfield,E05013679,E09000010
Enfield,Enfield Lock,2022-05-05,3,11056,3393,14,2056,1337,0.307,0,5,0,9,0,Enfield Lock,Enfield,E05013680,E09000010
Enfield,Grange Park,2022-05-05,2,6446,3034,7,1871,1163,0.47,0,2,0,5,0,Grange Park,Enfield,E05013681,E09000010
Enfield,Haselbury,2022-05-05,3,11300,3391,19,2017,1374,0.3,0,7,0,12,0,Haselbury,Enfield,E05013682,E09000010
Enfield,Highfield,2022-05-05,2,6746,2397,12,1353,1044,0.355,0,4,0,8,0,Highfield,Enfield,E05013683,E09000010
Enfield,Jubilee,2022-05-05,3,10221,3306,10,1986,1320,0.323,0,6,0,4,0,Jubilee,Enfield,E05013684,E09000010
Enfield,Lower Edmonton,2022-05-05,3,10371,2952,14,1884,1068,0.285,0,5,2,7,0,Lower Edmonton,Enfield,E05013685,E09000010
Enfield,New Southgate,2022-05-05,2,7490,3049,19,1847,1202,0.406,0,8,11,0,0,New Southgate,Enfield,E05013686,E09000010
Enfield,Oakwood,2022-05-05,2,6290,2617,11,1484,1133,0.416,0,0,0,9,0,Oakwood,Enfield,E05013687,E09000010
Enfield,Palmers Green,2022-05-05,2,7244,3129,11,2066,1063,0.431,0,5,0,6,0,Palmers Green,Enfield,E05013688,E09000010
Enfield,Ponders End,2022-05-05,2,7513,2375,8,1461,914,0.316,0,4,0,4,0,Ponders End,Enfield,E05013689,E09000010
Enfield,Ridgeway,2022-05-05,3,9482,4369,4,2537,1832,0.46,0,0,0,4,0,Ridgeway,Enfield,E05013690,E09000010
Enfield,Southbury,2022-05-05,3,10252,3586,12,2200,1386,0.35,0,0,0,12,0,Southbury,Enfield,E05013691,E09000010
Enfield,Southgate,2022-05-05,3,10362,4610,17,2697,1913,0.445,0,2,0,15,0,Southgate,Enfield,E05013692,E09000010
Enfield,Town,2022-05-05,3,9574,4252,19,2491,1761,0.444,0,2,0,17,0,Town,Enfield,E05013693,E09000010
Enfield,Upper Edmonton,2022-05-05,3,9605,2940,15,1853,1087,0.306,0,5,0,10,0,Upper Edmonton,Enfield,E05013694,E09000010
Enfield,Whitewebbs,2022-05-05,3,9875,4510,10,2787,1723,0.456,0,4,0,6,0,Whitewebbs,Enfield,E05013695,E09000010
Enfield,Winchmore Hill,2022-05-05,2,7463,3571,7,2217,1354,0.478,0,4,0,3,0,Winchmore Hill,Enfield,E05013696,E09000010
Greenwich,Abbey Wood,2022-05-05,3,11135,3114,15,2197,917,0.28,0,2,0,13,0,Abbey Wood,Greenwich,E05014072,E09000011
Greenwich,Blackheath Westcombe,2022-05-05,3,11114,5151,10,3659,1492,0.4629999999999999,0,2,0,8,0,Blackheath Westcombe,Greenwich,E05014073,E09000011
Greenwich,Charlton Hornfair,2022-05-05,2,7886,2717,13,1960,757,0.345,0,2,0,11,0,Charlton Hornfair,Greenwich,E05014074,E09000011
Greenwich,Charlton Village & Riverside,2022-05-05,2,6856,2275,15,1673,602,0.332,0,5,0,10,0,Charlton Village & Riverside,Greenwich,E05014075,E09000011
Greenwich,East Greenwich,2022-05-05,3,10222,4043,19,3019,1024,0.396,0,2,1,16,0,East Greenwich,Greenwich,E05014076,E09000011
Greenwich,Eltham Page,2022-05-05,2,6724,2126,7,1438,688,0.316,0,3,0,4,0,Eltham Page,Greenwich,E05014077,E09000011
Greenwich,Eltham Park & Progress,2022-05-05,2,7864,3801,5,2738,1063,0.483,0,0,0,5,0,Eltham Park & Progress,Greenwich,E05014078,E09000011
Greenwich,Eltham Town & Avery Hill,2022-05-05,3,10904,4150,10,2869,1281,0.381,0,1,0,9,0,Eltham Town & Avery Hill,Greenwich,E05014079,E09000011
Greenwich,Greenwich Creekside,2022-05-05,2,7190,2286,15,1596,690,0.378,0,0,0,15,0,Greenwich Creekside,Greenwich,E05014080,E09000011
Greenwich,Greenwich Park,2022-05-05,2,7314,2900,12,2120,780,0.397,0,4,0,7,1,Greenwich Park,Greenwich,E05014081,E09000011
Greenwich,Greenwich Peninsula,2022-05-05,3,7343,2056,18,1396,660,0.28,0,3,0,9,6,Greenwich Peninsula,Greenwich,E05014082,E09000011
Greenwich,Kidbrooke Park,2022-05-05,2,7233,2279,7,1395,884,0.315,0,3,0,4,0,Kidbrooke Park,Greenwich,E05014083,E09000011
Greenwich,Kidbrooke Village & Sutcliffe,2022-05-05,2,3971,1290,9,906,384,0.325,0,0,0,9,0,Kidbrooke Village & Sutcliffe,Greenwich,E05014084,E09000011
Greenwich,Middle Park & Horn Park,2022-05-05,2,6520,2055,11,1338,717,0.315,0,1,0,10,0,Middle Park & Horn Park,Greenwich,E05014085,E09000011
Greenwich,"Mottingham, Coldharbour & New Eltham",2022-05-05,3,10466,4002,7,2736,1266,0.382,0,0,0,7,0,"Mottingham, Coldharbour & New Eltham",Greenwich,E05014086,E09000011
Greenwich,Plumstead & Glyndon,2022-05-05,3,12145,3593,23,2495,1098,0.296,0,8,0,15,0,Plumstead & Glyndon,Greenwich,E05014087,E09000011
Greenwich,Plumstead Common,2022-05-05,3,10561,3419,17,2372,1047,0.323,0,2,1,14,0,Plumstead Common,Greenwich,E05014088,E09000011
Greenwich,Shooters Hill,2022-05-05,2,7846,2795,20,1971,824,0.356,0,6,0,14,0,Shooters Hill,Greenwich,E05014089,E09000011
Greenwich,Thamesmead Moorings,2022-05-05,2,7781,1837,8,1185,652,0.236,0,1,0,7,0,Thamesmead Moorings,Greenwich,E05014090,E09000011
Greenwich,West Thamesmead,2022-05-05,2,6557,1560,7,1010,550,0.238,0,3,0,4,0,West Thamesmead,Greenwich,E05014091,E09000011
Greenwich,Woolwich Arsenal,2022-05-05,3,8371,2441,10,1610,831,0.292,0,0,0,10,0,Woolwich Arsenal,Greenwich,E05014092,E09000011
Greenwich,Woolwich Common,2022-05-05,2,8012,1991,14,1312,679,0.249,0,2,0,12,0,Woolwich Common,Greenwich,E05014093,E09000011
Greenwich,Woolwich Dockyard,2022-05-05,2,7385,2123,16,1411,712,0.288,0,3,0,13,0,Woolwich Dockyard,Greenwich,E05014094,E09000011
Hackney,Brownswood,2022-05-05,2,6573,2320,22,1287,1033,0.353,0,8,0,14,0,Brownswood,Hackney,E05009367,E09000012
Hackney,Cazenove,2022-05-05,3,9354,3669,18,3319,350,0.3922,0,7,0,11,0,Cazenove,Hackney,E05009368,E09000012
Hackney,Clissold,2022-05-05,3,9430,3589,19,1904,1685,0.3806,0,5,0,14,0,Clissold,Hackney,E05009369,E09000012
Hackney,Dalston,2022-05-05,2,6860,2591,26,1265,1326,0.3777,1,8,0,17,0,Dalston,Hackney,E05009370,E09000012
Hackney,De Beauvoir,2022-05-05,2,6634,2213,25,1381,832,0.3336,0,2,0,23,0,De Beauvoir,Hackney,E05009371,E09000012
Hackney,Hackney Central,2022-05-05,3,9492,3169,32,1799,1370,0.3339,0,13,1,18,0,Hackney Central,Hackney,E05009372,E09000012
Hackney,Hackney Downs,2022-05-05,3,9469,3783,16,1653,2130,0.3995,0,5,0,11,0,Hackney Downs,Hackney,E05009373,E09000012
Hackney,Hackney Wick,2022-05-05,3,9125,2740,24,1167,1573,0.3003,0,3,0,21,0,Hackney Wick,Hackney,E05009374,E09000012
Hackney,Haggerston,2022-05-05,3,10049,2902,22,1468,1434,0.2888,0,3,0,19,0,Haggerston,Hackney,E05009375,E09000012
Hackney,Homerton,2022-05-05,3,9054,2803,25,1436,1367,0.3096,19,6,0,0,0,Homerton,Hackney,E05009376,E09000012
Hackney,Hoxton East & Shoreditch,2022-05-05,3,8444,2068,12,1142,926,0.3096,0,7,0,5,0,Hoxton East & Shoreditch,Hackney,E05009377,E09000012
Hackney,Hoxton West,2022-05-05,3,9781,2599,24,1523,1076,0.2657,16,8,0,0,0,Hoxton West,Hackney,E05009378,E09000012
Hackney,King's Park,2022-05-05,3,9322,2973,45,1538,1435,0.3189,0,0,3,1,41,King's Park,Hackney,E05009379,E09000012
Hackney,Lea Bridge,2022-05-05,3,10158,3212,18,1451,1761,0.3162,13,5,0,0,0,Lea Bridge,Hackney,E05009380,E09000012
Hackney,London Fields,2022-05-05,3,9144,3052,59,1596,1456,0.3338,48,11,0,0,0,London Fields,Hackney,E05009381,E09000012
Hackney,Shacklewell,2022-05-05,2,6280,2137,17,1029,1108,0.3403,0,4,0,13,0,Shacklewell,Hackney,E05009382,E09000012
Hackney,Springfield,2022-05-05,3,9843,3957,17,3618,339,0.402,9,8,0,0,0,Springfield,Hackney,E05009383,E09000012
Hackney,Stamford Hill West,2022-05-05,2,6485,3193,11,3092,101,0.4924,0,2,0,9,0,Stamford Hill West,Hackney,E05009384,E09000012
Hackney,Stoke Newington,2022-05-05,3,10028,3873,32,1748,2125,0.3862,0,1,0,31,0,Stoke Newington,Hackney,E05009385,E09000012
Hackney,Victoria,2022-05-05,3,8955,2957,23,1456,1501,0.3302,0,6,0,17,0,Victoria,Hackney,E05009386,E09000012
Hackney,Woodberry Down,2022-05-05,2,7649,2296,13,1324,972,0.3002,0,2,0,11,0,Woodberry Down,Hackney,E05009387,E09000012
Hammersmith and Fulham,Addison,2022-05-05,2,5611,1721,0,1130,591,0.307,0,4,0,13,0,Addison,Hammersmith & Fulham,E05013733,E09000013
Hammersmith and Fulham,Avonmore,2022-05-05,2,5234,1770,0,1136,634,0.3379999999999999,0,6,0,5,0,Avonmore,Hammersmith & Fulham,E05013734,E09000013
Hammersmith and Fulham,Brook Green,2022-05-05,2,5652,2131,0,1431,700,0.377,0,3,0,8,0,Brook Green,Hammersmith & Fulham,E05013735,E09000013
Hammersmith and Fulham,College Park & Old Oak,2022-05-05,3,6151,1671,0,1179,492,0.272,0,2,0,8,0,College Park & Old Oak,Hammersmith & Fulham,E05013736,E09000013
Hammersmith and Fulham,Coningham,2022-05-05,3,7599,2291,0,1752,539,0.301,0,7,0,8,0,Coningham,Hammersmith & Fulham,E05013737,E09000013
Hammersmith and Fulham,Fulham Reach,2022-05-05,3,8114,2888,0,2010,878,0.356,0,3,0,13,0,Fulham Reach,Hammersmith & Fulham,E05013738,E09000013
Hammersmith and Fulham,Fulham Town,2022-05-05,2,5187,1761,0,1135,626,0.34,0,0,0,11,0,Fulham Town,Hammersmith & Fulham,E05013739,E09000013
Hammersmith and Fulham,Grove,2022-05-05,2,5203,2002,0,1359,643,0.385,0,3,0,5,0,Grove,Hammersmith & Fulham,E05013740,E09000013
Hammersmith and Fulham,Hammersmith Broadway,2022-05-05,2,5169,1623,0,1081,542,0.314,0,1,0,6,0,Hammersmith Broadway,Hammersmith & Fulham,E05013741,E09000013
Hammersmith and Fulham,Lillie,2022-05-05,2,4748,1436,0,853,583,0.302,0,1,1,4,1,Lillie,Hammersmith & Fulham,E05013742,E09000013
Hammersmith and Fulham,Munster,2022-05-05,3,8368,2829,0,1991,838,0.3379999999999999,0,4,0,11,0,Munster,Hammersmith & Fulham,E05013743,E09000013
Hammersmith and Fulham,Palace and Hurlingham,2022-05-05,3,8160,3158,0,1977,1181,0.387,0,1,0,7,0,Palace & Hurlingham,Hammersmith & Fulham,E05013744,E09000013
Hammersmith and Fulham,Parsons Green & Sandford,2022-05-05,2,5413,1732,0,639,1093,0.32,0,3,0,8,0,Parsons Green & Sandford,Hammersmith & Fulham,E05013745,E09000013
Hammersmith and Fulham,Ravenscourt,2022-05-05,2,4921,2113,0,1426,687,0.429,0,1,0,11,0,Ravenscourt,Hammersmith & Fulham,E05013746,E09000013
Hammersmith and Fulham,Sands End,2022-05-05,3,7328,2385,0,1539,846,0.325,0,3,1,7,0,Sands End,Hammersmith & Fulham,E05013747,E09000013
Hammersmith and Fulham,Shepherd's Bush Green,2022-05-05,2,3808,1093,0,800,293,0.287,0,5,0,11,0,Shepherd's Bush Green,Hammersmith & Fulham,E05013748,E09000013
Hammersmith and Fulham,Walham Green,2022-05-05,2,5190,1655,0,953,702,0.319,0,3,0,6,0,Walham Green,Hammersmith & Fulham,E05013749,E09000013
Hammersmith and Fulham,West Kensington,2022-05-05,3,6579,1984,0,1424,560,0.302,0,2,1,15,0,West Kensington,Hammersmith & Fulham,E05013751,E09000013
Hammersmith and Fulham,Wendell Park,2022-05-05,2,5273,2156,0,1601,555,0.409,0,4,0,3,0,Wendell Park,Hammersmith & Fulham,E05013750,E09000013
Hammersmith and Fulham,White City,2022-05-05,3,6919,1900,0,1405,495,0.275,0,4,0,9,0,White City,Hammersmith & Fulham,E05013752,E09000013
Hammersmith and Fulham,Wormholt,2022-05-05,2,5068,1514,0,1116,398,0.299,0,2,0,5,0,Wormholt,Hammersmith & Fulham,E05013753,E09000013
Haringey,Alexandra Park,2022-05-05,2,6496,3293,18,2458,835,0.5069273399014779,0,2,0,16,0,Alexandra Park,Haringey,E05013585,E09000014
Haringey,Bounds Green,2022-05-05,2,6876,2572,28,1895,677,0.3741,0,6,1,21,0,Bounds Green,Haringey,E05013586,E09000014
Haringey,Bruce Castle,2022-05-05,3,8930,2271,13,1672,599,0.2542999999999999,0,8,0,5,0,Bruce Castle,Haringey,E05013587,E09000014
Haringey,Crouch End,2022-05-05,3,10178,4588,24,3453,1135,0.4508,0,4,0,20,0,Crouch End,Haringey,E05013588,E09000014
Haringey,Fortis Green,2022-05-05,3,9253,4202,21,3088,1114,0.4540999999999999,0,1,1,19,0,Fortis Green,Haringey,E05013589,E09000014
Haringey,Harringay,2022-05-05,3,9866,3672,14,2949,723,0.3722,0,1,0,13,0,Harringay,Haringey,E05013590,E09000014
Haringey,Hermitage & Gardens,2022-05-05,2,6530,1960,14,1422,538,0.3002,0,7,0,7,0,Hermitage & Gardens,Haringey,E05013591,E09000014
Haringey,Highgate,2022-05-05,3,9880,3958,20,2525,1433,0.4006,0,5,0,15,0,Highgate,Haringey,E05013592,E09000014
Haringey,Hornsey,2022-05-05,3,11225,4482,27,1154,3328,0.3993,0,6,21,0,0,Hornsey,Haringey,E05013593,E09000014
Haringey,Muswell Hill,2022-05-05,2,6601,3126,9,2292,834,0.4736,0,0,0,9,0,Muswell Hill,Haringey,E05013594,E09000014
Haringey,Noel Park,2022-05-05,3,9411,2573,17,1816,757,0.2734,0,3,0,14,0,Noel Park,Haringey,E05013595,E09000014
Haringey,Northumberland Park,2022-05-05,3,9230,2384,15,1807,577,0.2583,0,4,0,11,0,Northumberland Park,Haringey,E05013596,E09000014
Haringey,Seven Sisters,2022-05-05,2,6157,1744,20,1226,518,0.2833,0,14,0,6,0,Seven Sisters,Haringey,E05013598,E09000014
Haringey,South Tottenham,2022-05-05,3,9789,2624,11,1852,772,0.2681,4,0,0,7,0,South Tottenham,Haringey,E05013599,E09000014
Haringey,St Ann's,2022-05-05,2,6936,2179,21,1720,459,0.3142,0,7,0,14,0,St Ann's,Haringey,E05013597,E09000014
Haringey,Stroud Green,2022-05-05,3,8708,3824,18,3065,759,0.4391,0,6,0,12,0,Stroud Green,Haringey,E05013600,E09000014
Haringey,Tottenham Central,2022-05-05,3,10028,2765,16,2010,755,0.2757,0,5,0,11,0,Tottenham Central,Haringey,E05013601,E09000014
Haringey,Tottenham Hale,2022-05-05,3,6907,1875,9,1407,468,0.2714999999999999,0,4,0,5,0,Tottenham Hale,Haringey,E05013602,E09000014
Haringey,West Green,2022-05-05,3,10142,2974,25,2179,795,0.2932,0,4,1,20,0,West Green,Haringey,E05013603,E09000014
Haringey,White Hart Lane,2022-05-05,3,9610,2840,17,2011,829,0.2955,0,6,0,11,0,White Hart Lane,Haringey,E05013604,E09000014
Haringey,Woodside,2022-05-05,3,10170,3085,27,2257,828,0.3032999999999999,0,7,0,20,0,Woodside,Haringey,E05013605,E09000014
Harrow,Belmont,2022-05-05,2,6778,2854,5,1798,1056,0.4210681616996164,0,1,0,4,0,Belmont,Harrow,E05013542,E09000015
Harrow,Canons,2022-05-05,2,7005,2574,19,1405,1169,0.3674518201284796,0,6,0,11,2,Canons,Harrow,E05013543,E09000015
Harrow,Centenary,2022-05-05,3,10267,4051,24,2610,1441,0.3945651115223532,0,5,0,19,0,Centenary,Harrow,E05013544,E09000015
Harrow,Edgware,2022-05-05,3,11307,4148,24,2874,1274,0.3668523923233395,0,11,0,13,0,Edgware,Harrow,E05013545,E09000015
Harrow,Greenhill,2022-05-05,3,8058,2398,8,1499,899,0.2975924547034003,0,3,0,5,0,Greenhill,Harrow,E05013546,E09000015
Harrow,Harrow on the Hill,2022-05-05,2,7265,2839,10,1846,993,0.3907777013076394,0,1,0,9,0,Harrow on the Hill,Harrow,E05013547,E09000015
Harrow,Harrow Weald,2022-05-05,3,10552,3816,16,2313,1503,0.3616376042456406,0,2,0,12,2,Harrow Weald,Harrow,E05013548,E09000015
Harrow,Hatch End,2022-05-05,2,7140,2846,7,1695,1151,0.3985994397759104,0,0,0,7,0,Hatch End,Harrow,E05013549,E09000015
Harrow,Headstone,2022-05-05,3,11003,4458,13,3110,1348,0.405162228483141,0,5,0,7,1,Headstone,Harrow,E05013550,E09000015
Harrow,Kenton East,2022-05-05,3,10838,4368,33,2879,1489,0.403026388632589,0,9,0,24,0,Kenton East,Harrow,E05013551,E09000015
Harrow,Kenton West,2022-05-05,2,7305,3181,10,2087,1094,0.44,0,4,0,6,0,Kenton West,Harrow,E05013552,E09000015
Harrow,Marlborough,2022-05-05,3,7766,2482,20,1672,810,0.319598248776719,0,10,0,10,0,Marlborough,Harrow,E05013553,E09000015
Harrow,North Harrow,2022-05-05,2,6996,2794,9,1675,1119,0.3993710691823899,0,4,0,5,0,North Harrow,Harrow,E05013554,E09000015
Harrow,Pinner,2022-05-05,3,10156,3987,13,2372,1615,0.3925758172508862,0,3,0,10,0,Pinner,Harrow,E05013555,E09000015
Harrow,Pinner South,2022-05-05,3,11274,4639,13,2875,1764,0.4114777363846017,0,4,0,9,0,Pinner South,Harrow,E05013556,E09000015
Harrow,Rayners Lane,2022-05-05,2,7060,3183,14,2222,961,0.4508498583569405,0,7,0,6,1,Rayners Lane,Harrow,E05013557,E09000015
Harrow,Roxbourne,2022-05-05,2,6916,2306,12,1554,752,0.3334297281665703,0,4,0,8,0,Roxbourne,Harrow,E05013558,E09000015
Harrow,Roxeth,2022-05-05,3,11148,3881,13,2587,1294,0.3481341944743452,0,8,0,5,0,Roxeth,Harrow,E05013559,E09000015
Harrow,Stanmore,2022-05-05,3,10262,3653,10,1888,1765,0.3559734944455271,0,2,0,8,0,Stanmore,Harrow,E05013560,E09000015
Harrow,Wealdstone North,2022-05-05,2,6921,2266,22,1536,730,0.3274093339112845,0,3,0,19,0,Wealdstone North,Harrow,E05013561,E09000015
Harrow,Wealdstone South,2022-05-05,2,5100,1680,8,1156,524,0.33,0,4,0,4,0,Wealdstone South,Harrow,E05013562,E09000015
Harrow,West Harrow,2022-05-05,2,7108,2841,10,2005,836,0.3996904895891953,0,3,0,7,0,West Harrow,Harrow,E05013563,E09000015
Havering,Beam Park,2022-05-05,2,3697,1112,0,855,257,0.3007999999999999,3,0,0,0,0,Beam Park,Havering,E05013967,E09000016
Havering,Cranham,2022-05-05,3,9840,4068,0,2708,1360,0.4083,0,1,0,6,0,Cranham,Havering,E05013968,E09000016
Havering,Elm Park,2022-05-05,3,12084,4291,0,3081,1210,0.3550999999999999,0,1,0,4,0,Elm Park,Havering,E05013969,E09000016
Havering,Emerson Park,2022-05-05,2,7241,2981,0,1974,1007,0.4111,0,7,0,5,0,Emerson Park,Havering,E05013970,E09000016
Havering,Gooshays,2022-05-05,3,11635,2730,0,1821,909,0.2346,0,1,0,3,0,Gooshays,Havering,E05013971,E09000016
Havering,Hacton,2022-05-05,2,7088,2920,0,1960,960,0.412,0,2,0,1,0,Hacton,Havering,E05013972,E09000016
Havering,Harold Wood,2022-05-05,3,10236,3644,0,2575,1069,0.356,0,2,0,6,0,Harold Wood,Havering,E05013973,E09000016
Havering,Havering-atte-Bower,2022-05-05,3,11538,3367,0,2192,1175,0.2916,0,5,0,9,0,Havering-atte-Bower,Havering,E05013974,E09000016
Havering,Heaton,2022-05-05,3,11525,2752,0,1781,971,0.2379,0,1,1,10,0,Heaton,Havering,E05013975,E09000016
Havering,Hylands & Harrow Lodge,2022-05-05,3,10677,4042,0,2663,1379,0.3782999999999999,0,0,0,3,0,Hylands & Harrow Lodge,Havering,E05013976,E09000016
Havering,Marshalls & Rise Park,2022-05-05,3,9843,4049,0,2596,1453,0.4113,0,2,0,10,0,Marshalls & Rise Park,Havering,E05013977,E09000016
Havering,Mawneys,2022-05-05,3,10151,3407,0,2186,1221,0.3356,0,2,0,3,0,Mawneys,Havering,E05013978,E09000016
Havering,Rainham & Wennington,2022-05-05,3,9662,3393,0,2347,1046,0.3511999999999999,0,3,0,5,0,Rainham & Wennington,Havering,E05013979,E09000016
Havering,Rush Green & Crowlands,2022-05-05,3,10324,3390,0,2383,1007,0.3284,0,0,0,9,0,Rush Green & Crowlands,Havering,E05013980,E09000016
Havering,South Hornchurch,2022-05-05,2,7402,2354,0,1645,709,0.318,0,1,1,4,0,South Hornchurch,Havering,E05013984,E09000016
Havering,Squirrels Heath,2022-05-05,3,11623,4482,0,2997,1485,0.3853999999999999,0,2,0,10,0,Squirrels Heath,Havering,E05013985,E09000016
Havering,St Alban's,2022-05-05,2,5518,2034,0,1388,646,0.3684,0,3,0,2,0,St Alban's,Havering,E05013981,E09000016
Havering,St Andrew's,2022-05-05,3,10994,4285,0,2900,1385,0.3898,3,5,1,6,0,St Andrew's,Havering,E05013982,E09000016
Havering,St Edward's,2022-05-05,3,7345,2414,0,1572,842,0.3287,0,1,0,2,0,St Edward's,Havering,E05013983,E09000016
Havering,Upminster,2022-05-05,3,10359,4382,0,2909,1473,0.423,0,1,0,3,0,Upminster,Havering,E05013986,E09000016
Hillingdon,Belmore,2022-05-05,3,10832,3752,0,2765,987,0.3464,0,5,0,8,0,Belmore,Hillingdon,E05013564,E09000017
Hillingdon,Charville,2022-05-05,2,7615,2947,0,2151,796,0.387,0,4,1,7,0,Charville,Hillingdon,E05013565,E09000017
Hillingdon,Colham & Cowley,2022-05-05,3,11248,4106,0,2456,1650,0.349,0,2,0,10,0,Colham & Cowley,Hillingdon,E05013566,E09000017
Hillingdon,Eastcote,2022-05-05,3,12506,5266,0,3563,1703,0.4211,0,0,0,12,0,Eastcote,Hillingdon,E05013567,E09000017
Hillingdon,Harefield Village,2022-05-05,1,4093,1635,0,1116,519,0.3995,0,3,0,2,0,Harefield Village,Hillingdon,E05013568,E09000017
Hillingdon,Hayes Town,2022-05-05,3,9273,2625,0,1937,688,0.2830999999999999,0,15,0,12,0,Hayes Town,Hillingdon,E05013569,E09000017
Hillingdon,Heathrow Villages,2022-05-05,2,8471,2507,0,1671,836,0.341,0,5,1,5,0,Heathrow Villages,Hillingdon,E05013570,E09000017
Hillingdon,Hillingdon East,2022-05-05,3,10499,3580,0,2378,1202,0.341,0,3,0,14,0,Hillingdon East,Hillingdon,E05013571,E09000017
Hillingdon,Hillingdon West,2022-05-05,2,6381,2019,0,1243,776,0.3164,0,3,0,13,0,Hillingdon West,Hillingdon,E05013572,E09000017
Hillingdon,Ickenham & South Harefield,2022-05-05,3,11460,4724,0,3206,1518,0.4122,0,0,0,12,0,Ickenham & South Harefield,Hillingdon,E05013573,E09000017
Hillingdon,Northwood,2022-05-05,2,8055,3099,0,1817,1282,0.3847,0,3,0,5,0,Northwood,Hillingdon,E05013574,E09000017
Hillingdon,Northwood Hills,2022-05-05,2,8343,2951,0,1747,1204,0.3535999999999999,0,4,0,16,0,Northwood Hills,Hillingdon,E05013575,E09000017
Hillingdon,Pinkwell,2022-05-05,3,10632,3117,0,2204,913,0.2932,0,0,0,0,0,Pinkwell,Hillingdon,E05013576,E09000017
Hillingdon,Ruislip,2022-05-05,3,11655,4866,0,3230,1636,0.4175,0,3,0,9,0,Ruislip,Hillingdon,E05013577,E09000017
Hillingdon,Ruislip Manor,2022-05-05,2,7748,3222,0,2382,840,0.4158,0,5,0,5,0,Ruislip Manor,Hillingdon,E05013578,E09000017
Hillingdon,South Ruislip,2022-05-05,3,11626,4171,0,2817,1354,0.3586999999999999,0,2,2,8,0,South Ruislip,Hillingdon,E05013579,E09000017
Hillingdon,Uxbridge,2022-05-05,3,10324,4027,0,2850,1177,0.3899,0,0,0,0,0,Uxbridge,Hillingdon,E05013580,E09000017
Hillingdon,West Drayton,2022-05-05,3,11385,3880,0,2780,1100,0.3407,0,6,0,5,0,West Drayton,Hillingdon,E05013581,E09000017
Hillingdon,Wood End,2022-05-05,3,11793,3330,0,2269,1061,0.2823,0,4,0,17,0,Wood End,Hillingdon,E05013582,E09000017
Hillingdon,Yeading,2022-05-05,2,8225,2325,0,1679,646,0.2827,1,3,0,15,0,Yeading,Hillingdon,E05013583,E09000017
Hillingdon,Yiewsley,2022-05-05,2,7170,2407,0,1674,733,0.3357,0,2,0,5,0,Yiewsley,Hillingdon,E05013584,E09000017
Hounslow,Bedfont,2022-05-05,3,10098,3211,0,2119,1092,0.318,0,2,0,12,0,Bedfont,Hounslow,E05013606,E09000018
Hounslow,Brentford East,2022-05-05,2,5568,1586,0,1041,545,0.2848,0,2,0,10,1,Brentford East,Hounslow,E05013607,E09000018
Hounslow,Brentford West,2022-05-05,2,6336,2285,0,1672,613,0.3606,0,5,0,7,0,Brentford West,Hounslow,E05013608,E09000018
Hounslow,Chiswick Gunnersbury,2022-05-05,3,8927,3645,0,2605,1040,0.4083,0,1,0,24,1,Chiswick Gunnersbury,Hounslow,E05013609,E09000018
Hounslow,Chiswick Homefields,2022-05-05,3,10060,4301,0,2825,1476,0.4275,0,4,0,6,0,Chiswick Homefields,Hounslow,E05013610,E09000018
Hounslow,Chiswick Riverside,2022-05-05,3,7167,2913,0,2062,851,0.4064,0,2,0,7,0,Chiswick Riverside,Hounslow,E05013611,E09000018
Hounslow,Cranford,2022-05-05,3,10584,3235,0,2012,1223,0.3057,0,9,0,7,2,Cranford,Hounslow,E05013612,E09000018
Hounslow,Feltham North,2022-05-05,3,8290,2789,0,1897,892,0.3364,0,3,0,10,1,Feltham North,Hounslow,E05013613,E09000018
Hounslow,Feltham West,2022-05-05,3,10635,3013,0,2016,997,0.2833,0,4,0,5,2,Feltham West,Hounslow,E05013614,E09000018
Hounslow,Hanworth Park,2022-05-05,2,6985,2150,0,1421,729,0.3078,0,6,0,11,0,Hanworth Park,Hounslow,E05013615,E09000018
Hounslow,Hanworth Village,2022-05-05,3,10907,2975,0,1959,1016,0.3079,0,1,0,6,2,Hanworth Village,Hounslow,E05013616,E09000018
Hounslow,Heston Central,2022-05-05,3,9500,2975,0,1959,1016,0.3132,0,1,0,5,1,Heston Central,Hounslow,E05013617,E09000018
Hounslow,Heston East,2022-05-05,3,7672,2429,0,1637,792,0.3166,0,6,0,6,0,Heston East,Hounslow,E05013618,E09000018
Hounslow,Heston West,2022-05-05,3,10162,2886,0,1916,970,0.284,0,3,7,2,0,Heston West,Hounslow,E05013619,E09000018
Hounslow,Hounslow Central,2022-05-05,3,6589,2039,0,1458,581,0.3095,0,2,0,6,0,Hounslow Central,Hounslow,E05013620,E09000018
Hounslow,Hounslow East,2022-05-05,2,5912,1975,0,1366,609,0.3341,0,2,0,5,0,Hounslow East,Hounslow,E05013621,E09000018
Hounslow,Hounslow Heath,2022-05-05,3,10498,3709,0,2634,1075,0.3533,0,3,0,9,5,Hounslow Heath,Hounslow,E05013622,E09000018
Hounslow,Hounslow South,2022-05-05,3,9891,3643,0,2557,1086,0.3683,0,4,0,9,1,Hounslow South,Hounslow,E05013623,E09000018
Hounslow,Hounslow West,2022-05-05,3,10399,3348,0,2273,1075,0.322,0,6,0,6,0,Hounslow West,Hounslow,E05013624,E09000018
Hounslow,Isleworth,2022-05-05,3,9482,3458,0,2501,957,0.3647,0,4,0,18,0,Isleworth,Hounslow,E05013625,E09000018
Hounslow,Osterley & Spring Grove,2022-05-05,3,10267,3521,0,2448,1073,0.3429,0,5,0,8,0,Osterley & Spring Grove,Hounslow,E05013626,E09000018
Hounslow,Syon & Brentford Lock,2022-05-05,3,8318,2770,0,1899,871,0.333,0,1,0,5,0,Syon & Brentford Lock,Hounslow,E05013627,E09000018
Islington,Arsenal,2022-05-05,3,9073,3345,0,2438,907,0.3687,0,3,0,14,0,Arsenal,Islington,E05013697,E09000019
Islington,Barnsbury,2022-05-05,3,8463,3140,0,2108,1032,0.371,0,6,0,14,0,Barnsbury,Islington,E05013698,E09000019
Islington,Bunhill,2022-05-05,3,7159,2169,0,1448,721,0.303,0,5,0,7,0,Bunhill,Islington,E05013699,E09000019
Islington,Caledonian,2022-05-05,3,7246,2319,0,1585,734,0.32,0,4,0,1,0,Caledonian,Islington,E05013700,E09000019
Islington,Canonbury,2022-05-05,3,9020,3051,0,2126,925,0.3382,0,3,0,15,0,Canonbury,Islington,E05013701,E09000019
Islington,Clerkenwell,2022-05-05,3,7597,2562,0,1742,820,0.3372,0,3,0,4,0,Clerkenwell,Islington,E05013702,E09000019
Islington,Finsbury Park,2022-05-05,3,9264,2951,0,2231,720,0.3185,0,4,0,13,0,Finsbury Park,Islington,E05013703,E09000019
Islington,Highbury,2022-05-05,3,9974,4462,0,3156,1306,0.4474,0,7,0,26,0,Highbury,Islington,E05013704,E09000019
Islington,Hillrise,2022-05-05,3,10659,3875,0,2843,1032,0.3635,0,4,0,22,0,Hillrise,Islington,E05013705,E09000019
Islington,Holloway,2022-05-05,3,8320,2966,0,2084,882,0.3565,0,1,0,12,0,Holloway,Islington,E05013706,E09000019
Islington,Junction,2022-05-05,3,8979,3191,0,2312,879,0.3554,0,3,0,18,0,Junction,Islington,E05013707,E09000019
Islington,Laycock,2022-05-05,3,8535,2821,0,1940,881,0.3305,0,4,0,8,0,Laycock,Islington,E05013708,E09000019
Islington,Mildmay,2022-05-05,3,9621,3239,0,2387,852,0.3367,0,1,0,19,0,Mildmay,Islington,E05013709,E09000019
Islington,St Mary's & St James',2022-05-05,3,8266,3403,0,2493,910,0.4117,0,4,0,16,0,St Mary's & St James',Islington,E05013710,E09000019
Islington,St Peter's & Canalside,2022-05-05,3,7627,2522,0,1706,816,0.3307,0,2,0,13,0,St Peter's & Canalside,Islington,E05013711,E09000019
Islington,Tollington,2022-05-05,3,9695,3510,0,2573,937,0.362,0,2,0,20,0,Tollington,Islington,E05013712,E09000019
Islington,Tufnell Park,2022-05-05,3,8729,3851,0,2687,1164,0.4412,0,2,0,9,0,Tufnell Park,Islington,E05013713,E09000019
Kingston upon Thames,Alexandra,2022-05-05,2,4406,2244,0,1293,951,0.5093,0,4,0,6,0,Alexandra,Kingston upon Thames,E05013928,E09000021
Kingston upon Thames,Berrylands,2022-05-05,2,4786,2606,0,1298,1308,0.5445,0,4,0,9,0,Berrylands,Kingston upon Thames,E05013929,E09000021
Kingston upon Thames,Canbury Gardens,2022-05-05,2,5483,2544,0,1278,1266,0.464,0,4,0,6,0,Canbury Gardens,Kingston upon Thames,E05013930,E09000021
Kingston upon Thames,Chessington South & Malden Rushett,2022-05-05,3,7261,2932,0,1554,1378,0.4038,0,0,0,14,0,Chessington South & Malden Rushett,Kingston upon Thames,E05013931,E09000021
Kingston upon Thames,Coombe Hill,2022-05-05,2,5151,1984,0,855,1129,0.3852,0,1,0,5,0,Coombe Hill,Kingston upon Thames,E05013932,E09000021
Kingston upon Thames,Coombe Vale,2022-05-05,3,7298,3686,0,1859,1827,0.5051,1,3,0,9,0,Coombe Vale,Kingston upon Thames,E05013933,E09000021
Kingston upon Thames,Green Lane & St James,2022-05-05,2,4643,2233,0,1268,965,0.4809,0,5,0,1,0,Green Lane & St James,Kingston upon Thames,E05013934,E09000021
Kingston upon Thames,Hook & Chessington North,2022-05-05,3,7845,3230,0,1473,1757,0.4117,0,3,1,4,0,Hook & Chessington North,Kingston upon Thames,E05013935,E09000021
Kingston upon Thames,King George's & Sunray,2022-05-05,2,4199,1682,0,816,866,0.4006,1,0,0,8,0,King George's & Sunray,Kingston upon Thames,E05013936,E09000021
Kingston upon Thames,Kingston Gate,2022-05-05,3,7393,3542,0,2018,1524,0.4791,0,7,0,7,0,Kingston Gate,Kingston upon Thames,E05013937,E09000021
Kingston upon Thames,Kingston Town,2022-05-05,3,6813,2854,0,1672,1182,0.4189,0,6,0,4,0,Kingston Town,Kingston upon Thames,E05013938,E09000021
Kingston upon Thames,Motspur Park & Old Malden East,2022-05-05,2,5245,2462,0,1204,1258,0.4692,0,3,0,8,0,Motspur Park & Old Malden East,Kingston upon Thames,E05013939,E09000021
Kingston upon Thames,New Malden Village,2022-05-05,3,6708,2873,0,1531,1342,0.4283,0,0,0,7,0,New Malden Village,Kingston upon Thames,E05013940,E09000021
Kingston upon Thames,Norbiton,2022-05-05,3,6929,2983,0,1706,1277,0.4305,0,5,0,3,0,Norbiton,Kingston upon Thames,E05013941,E09000021
Kingston upon Thames,Old Malden,2022-05-05,2,4934,2390,0,1204,1186,0.4844,0,2,0,7,0,Old Malden,Kingston upon Thames,E05013942,E09000021
Kingston upon Thames,St Mark's & Seething Wells,2022-05-05,3,8539,3963,0,2377,1586,0.4641,0,4,2,10,0,St Mark's & Seething Wells,Kingston upon Thames,E05013943,E09000021
Kingston upon Thames,Surbiton Hill,2022-05-05,3,7791,3287,0,1700,1587,0.4219,0,3,0,2,0,Surbiton Hill,Kingston upon Thames,E05013944,E09000021
Kingston upon Thames,Tolworth,2022-05-05,3,7769,3440,0,1950,1490,0.4428,0,5,0,11,0,Tolworth,Kingston upon Thames,E05013945,E09000021
Kingston upon Thames,Tudor,2022-05-05,2,5188,2904,0,1626,1278,0.5598,0,1,1,10,0,Tudor,Kingston upon Thames,E05013946,E09000021
Lambeth,Brixton Acre Lane,2022-05-05,3,11108,3271,33,2519,752,0.2945,0,9,0,24,0,Brixton Acre Lane,Lambeth,E05014095,E09000022
Lambeth,Brixton North,2022-05-05,3,11113,2869,112,2193,676,0.2582,0,42,0,69,1,Brixton North,Lambeth,E05014096,E09000022
Lambeth,Brixton Rush Common,2022-05-05,3,10689,3306,78,2597,709,0.3093,0,18,0,60,0,Brixton Rush Common,Lambeth,E05014097,E09000022
Lambeth,Brixton Windrush,2022-05-05,2,6882,1858,24,1415,443,0.27,0,6,2,14,2,Brixton Windrush,Lambeth,E05014098,E09000022
Lambeth,Clapham Common & Abbeville,2022-05-05,2,7405,2908,12,1997,911,0.3927,0,2,0,10,0,Clapham Common & Abbeville,Lambeth,E05014099,E09000022
Lambeth,Clapham East,2022-05-05,2,7477,1744,23,1361,383,0.2332,0,8,0,14,1,Clapham East,Lambeth,E05014100,E09000022
Lambeth,Clapham Park,2022-05-05,3,9740,2497,38,1843,654,0.2564,0,15,3,18,2,Clapham Park,Lambeth,E05014101,E09000022
Lambeth,Clapham Town,2022-05-05,3,11596,3562,45,2522,1040,0.3072,0,9,0,36,0,Clapham Town,Lambeth,E05014102,E09000022
Lambeth,Gipsy Hill,2022-05-05,2,7830,2919,44,2291,628,0.3728,0,12,0,32,0,Gipsy Hill,Lambeth,E05014103,E09000022
Lambeth,Herne Hill & Loughborough Junction,2022-05-05,3,11294,4670,25,3739,931,0.4135,0,12,0,12,1,Herne Hill & Loughborough Junction,Lambeth,E05014104,E09000022
Lambeth,Kennington,2022-05-05,3,11572,3967,78,2915,1052,0.3428,0,33,3,39,3,Kennington,Lambeth,E05014105,E09000022
Lambeth,Knight's Hill,2022-05-05,3,11717,3707,45,2888,819,0.3164,0,6,0,39,0,Knight's Hill,Lambeth,E05014106,E09000022
Lambeth,Myatt's Fields,2022-05-05,2,8166,2342,44,1698,644,0.2868,2,16,0,26,0,Myatt's Fields,Lambeth,E05014107,E09000022
Lambeth,Oval,2022-05-05,3,9086,2783,39,2018,765,0.3063,0,9,0,30,0,Oval,Lambeth,E05014108,E09000022
Lambeth,St Martin's,2022-05-05,2,7234,2161,22,1658,503,0.2987,0,8,0,14,0,St Martin's,Lambeth,E05014109,E09000022
Lambeth,Stockwell East,2022-05-05,2,7266,2162,54,1643,519,0.2976,0,18,0,36,0,Stockwell East,Lambeth,E05014110,E09000022
Lambeth,Stockwell West & Larkhall,2022-05-05,3,11775,3173,44,2324,849,0.2695,0,9,3,30,2,Stockwell West & Larkhall,Lambeth,E05014111,E09000022
Lambeth,Streatham Common & Vale,2022-05-05,3,11907,3402,66,2490,912,0.2857,0,24,0,42,0,Streatham Common & Vale,Lambeth,E05014112,E09000022
Lambeth,Streatham Hill East,2022-05-05,2,7183,2213,22,1690,523,0.3081,0,10,0,12,0,Streatham Hill East,Lambeth,E05014113,E09000022
Lambeth,Streatham Hill West & Thornton,2022-05-05,2,7975,3323,32,2574,749,0.4167,0,6,0,26,0,Streatham Hill West & Thornton,Lambeth,E05014114,E09000022
Lambeth,Streatham St Leonard's,2022-05-05,3,10805,3655,84,2883,772,0.3383,3,15,0,66,0,Streatham St Leonard's,Lambeth,E05014115,E09000022
Lambeth,Streatham Wells,2022-05-05,2,7161,2323,20,1766,557,0.3244,2,10,0,8,0,Streatham Wells,Lambeth,E05014116,E09000022
Lambeth,Vauxhall,2022-05-05,3,6506,1729,36,1218,511,0.2658,0,12,0,24,0,Vauxhall,Lambeth,E05014117,E09000022
Lambeth,Waterloo & South Bank,2022-05-05,2,6178,2003,27,1368,635,0.3242,2,6,0,18,1,Waterloo & South Bank,Lambeth,E05014118,E09000022
Lambeth,West Dulwich,2022-05-05,2,8397,3378,25,2616,762,0.4023,0,12,0,12,1,West Dulwich,Lambeth,E05014119,E09000022
Lewisham,Bellingham,2022-05-05,2,7415,1706,16,1308,414,0.2322,0,0,0,16,0,Bellingham,Lewisham,E05013714,E09000023
Lewisham,Blackheath,2022-05-05,3,11259,4337,24,3091,1270,0.3873,0,0,0,24,0,Blackheath,Lewisham,E05013715,E09000023
Lewisham,Brockley,2022-05-05,3,12195,4174,16,3271,919,0.3436,0,0,0,16,0,Brockley,Lewisham,E05013716,E09000023
Lewisham,Catford South,2022-05-05,3,11980,3777,14,2702,1089,0.3164,0,0,0,14,0,Catford South,Lewisham,E05013717,E09000023
Lewisham,Crofton Park,2022-05-05,3,10898,4459,29,3529,959,0.4118,0,0,0,29,0,Crofton Park,Lewisham,E05013718,E09000023
Lewisham,Deptford,2022-05-05,3,11090,3278,20,2553,745,0.2974,0,0,0,20,0,Deptford,Lewisham,E05013719,E09000023
Lewisham,Downham,2022-05-05,3,12137,3065,13,2118,960,0.2536,0,0,0,13,0,Downham,Lewisham,E05013720,E09000023
Lewisham,Evelyn,2022-05-05,3,9316,2487,16,1726,777,0.2687,0,0,0,16,0,Evelyn,Lewisham,E05013721,E09000023
Lewisham,Forest Hill,2022-05-05,3,10903,4121,19,3009,1131,0.3797,0,0,0,19,0,Forest Hill,Lewisham,E05013722,E09000023
Lewisham,Grove Park,2022-05-05,3,10721,3304,23,2422,905,0.3103,0,0,0,23,0,Grove Park,Lewisham,E05013723,E09000023
Lewisham,Hither Green,2022-05-05,3,13111,4197,20,3100,1117,0.3216,0,0,0,20,0,Hither Green,Lewisham,E05013724,E09000023
Lewisham,Ladywell,2022-05-05,3,10737,4429,19,3289,1159,0.4143,0,0,0,19,0,Ladywell,Lewisham,E05013725,E09000023
Lewisham,Lee Green,2022-05-05,3,10340,4338,22,3382,978,0.4217,0,0,0,22,0,Lee Green,Lewisham,E05013726,E09000023
Lewisham,Lewisham Central,2022-05-05,2,5247,1532,13,1115,430,0.2945,0,0,0,13,0,Lewisham Central,Lewisham,E05013727,E09000023
Lewisham,New Cross Gate,2022-05-05,2,6538,1909,8,1444,473,0.2932,0,0,0,8,0,New Cross Gate,Lewisham,E05013728,E09000023
Lewisham,Perry Vale,2022-05-05,3,12743,4632,28,3610,1050,0.3657,0,0,0,28,0,Perry Vale,Lewisham,E05013729,E09000023
Lewisham,Rushey Green,2022-05-05,3,11770,3778,16,2754,1040,0.3223,0,0,0,16,0,Rushey Green,Lewisham,E05013730,E09000023
Lewisham,Sydenham,2022-05-05,3,11923,4126,25,3030,1121,0.3482,0,0,0,25,0,Sydenham,Lewisham,E05013731,E09000023
Lewisham,Telegraph Hill,2022-05-05,3,11491,3967,20,3110,877,0.347,0,0,0,20,0,Telegraph Hill,Lewisham,E05013732,E09000023
Merton,Abbey,2022-05-05,3,7396,3450,11,2604,846,0.4664999999999999,0,5,0,6,0,Abbey,Merton,E05013810,E09000024
Merton,Cannon Hill,2022-05-05,3,7256,3631,10,2537,1094,0.5004,0,1,0,9,0,Cannon Hill,Merton,E05013811,E09000024
Merton,Colliers Wood,2022-05-05,3,8291,3091,8,2332,759,0.3728,0,1,0,7,0,Colliers Wood,Merton,E05013812,E09000024
Merton,Cricket Green,2022-05-05,3,8107,2584,14,1765,819,0.3187,0,5,0,9,0,Cricket Green,Merton,E05013813,E09000024
Merton,Figge's Marsh,2022-05-05,3,7581,2499,3,1807,692,0.3296,0,1,0,0,2,Figge's Marsh,Merton,E05013814,E09000024
Merton,Graveney,2022-05-05,3,8208,2899,7,2097,802,0.3532,0,4,0,3,0,Graveney,Merton,E05013815,E09000024
Merton,Hillside,2022-05-05,2,6005,2617,9,1792,825,0.4357999999999999,0,1,0,8,0,Hillside,Merton,E05013816,E09000024
Merton,Lavender Fields,2022-05-05,3,8013,2383,12,1532,851,0.2974,0,6,0,6,0,Lavender Fields,Merton,E05013817,E09000024
Merton,Longthornton,2022-05-05,3,8072,2606,16,1762,844,0.3228,0,3,0,12,1,Longthornton,Merton,E05013818,E09000024
Merton,Lower Morden,2022-05-05,3,8410,3633,10,2529,1104,0.432,0,1,0,9,0,Lower Morden,Merton,E05013819,E09000024
Merton,Merton Park,2022-05-05,2,6038,3037,5,2120,917,0.503,0,2,0,3,0,Merton Park,Merton,E05013820,E09000024
Merton,Pollards Hill,2022-05-05,3,8122,2479,7,1648,831,0.3051999999999999,0,1,0,6,0,Pollards Hill,Merton,E05013821,E09000024
Merton,Ravensbury,2022-05-05,3,6701,2216,17,1500,716,0.3307,0,7,0,10,0,Ravensbury,Merton,E05013822,E09000024
Merton,Raynes Park,2022-05-05,3,8645,4074,20,2898,1176,0.4713,0,2,0,18,0,Raynes Park,Merton,E05013823,E09000024
Merton,St Helier,2022-05-05,3,7554,2302,11,1499,803,0.3046999999999999,0,0,0,11,0,St Helier,Merton,E05013824,E09000024
Merton,Village,2022-05-05,3,8555,3830,15,2302,1528,0.4477,0,1,0,13,1,Village,Merton,E05013825,E09000024
Merton,Wandle,2022-05-05,2,4695,2196,7,1705,491,0.4677,0,3,0,4,0,Wandle,Merton,E05013826,E09000024
Merton,West Barnes,2022-05-05,3,7568,3596,16,2511,1085,0.4752,0,6,1,9,0,West Barnes,Merton,E05013827,E09000024
Merton,Wimbledon Park,2022-05-05,3,7740,3457,8,2458,999,0.4465999999999999,0,2,0,6,0,Wimbledon Park,Merton,E05013828,E09000024
Merton,Wimbledon Town & Dundonald,2022-05-05,3,8796,4503,19,3292,1211,0.5119,0,3,0,16,0,Wimbledon Town & Dundonald,Merton,E05013829,E09000024
Newham,Beckton,2022-05-05,3,10513,2943,0,2164,779,0.2797,0,7,0,2,0,Beckton,Newham,E05013904,E09000025
Newham,Boleyn,2022-05-05,3,9740,2953,0,2276,677,0.3032,0,7,0,10,0,Boleyn,Newham,E05013905,E09000025
Newham,Canning Town North,2022-05-05,3,7023,1888,0,1442,446,0.2687,5,7,0,0,0,Canning Town North,Newham,E05013906,E09000025
Newham,Canning Town South,2022-05-05,3,5003,1142,0,855,287,0.2283,3,1,0,0,0,Canning Town South,Newham,E05013907,E09000025
Newham,Custom House,2022-05-05,3,11579,2691,0,1897,794,0.2321,0,5,0,10,0,Custom House,Newham,E05013908,E09000025
Newham,East Ham,2022-05-05,3,9819,3028,0,2287,741,0.3083,0,12,0,5,0,East Ham,Newham,E05013909,E09000025
Newham,East Ham South,2022-05-05,3,11151,3444,0,2565,879,0.3088,0,10,0,1,0,East Ham South,Newham,E05013910,E09000025
Newham,Forest Gate North,2022-05-05,2,7246,2373,0,1848,525,0.3275,0,3,1,17,0,Forest Gate North,Newham,E05013911,E09000025
Newham,Forest Gate South,2022-05-05,3,11381,3126,0,2384,742,0.2751,0,6,0,9,0,Forest Gate South,Newham,E05013912,E09000025
Newham,Green Street East,2022-05-05,3,10265,3541,0,2776,765,0.3468,0,18,0,3,0,Green Street East,Newham,E05013913,E09000025
Newham,Green Street West,2022-05-05,3,9883,2987,0,2230,757,0.302,0,11,0,15,0,Green Street West,Newham,E05013914,E09000025
Newham,Little Ilford,2022-05-05,3,11539,3796,0,2968,828,0.329,1,14,0,1,0,Little Ilford,Newham,E05013915,E09000025
Newham,Manor Park,2022-05-05,3,10247,3384,0,2534,850,0.3305,0,24,0,5,0,Manor Park,Newham,E05013916,E09000025
Newham,Maryland,2022-05-05,2,8296,2252,0,1675,577,0.2703,0,4,0,6,0,Maryland,Newham,E05013917,E09000025
Newham,Plaistow North,2022-05-05,3,10791,3063,0,2154,909,0.2838,0,18,0,16,0,Plaistow North,Newham,E05013918,E09000025
Newham,Plaistow South,2022-05-05,3,8564,2430,0,1763,667,0.2835,0,7,0,8,0,Plaistow South,Newham,E05013919,E09000025
Newham,Plaistow West & Canning Town East,2022-05-05,3,10911,2820,0,2015,805,0.259,0,7,0,2,0,Plaistow West & Canning Town East,Newham,E05013920,E09000025
Newham,Plashet,2022-05-05,2,7424,2606,0,2109,497,0.3509,0,11,0,2,0,Plashet,Newham,E05013921,E09000025
Newham,Royal Albert,2022-05-05,2,7042,1509,0,1092,417,0.2144,0,5,0,1,0,Royal Albert,Newham,E05013922,E09000025
Newham,Royal Victoria,2022-05-05,2,9642,1921,0,1380,541,0.2007,12,2,0,0,0,Royal Victoria,Newham,E05013923,E09000025
Newham,Stratford,2022-05-05,3,10454,2385,0,1707,678,0.2281,0,8,0,11,0,Stratford,Newham,E05013924,E09000025
Newham,Stratford Olympic Park,2022-05-05,2,7750,2632,0,2082,550,0.3395,0,8,1,3,0,Stratford Olympic Park,Newham,E05013925,E09000025
Newham,Wall End,2022-05-05,3,10756,3765,0,3055,710,0.3499,4,15,0,1,0,Wall End,Newham,E05013926,E09000025
Newham,West Ham,2022-05-05,3,10122,2718,0,1989,729,0.2684,0,7,0,13,0,West Ham,Newham,E05013927,E09000025
Redbridge,Aldborough,2022-05-05,3,10251,3511,17,2523,988,0.3425,0,7,0,10,0,Aldborough,Redbridge,E05011234,E09000026
Redbridge,Barkingside,2022-05-05,3,10664,3990,12,2651,1339,0.3742,0,0,0,12,0,Barkingside,Redbridge,E05011235,E09000026
Redbridge,Bridge,2022-05-05,3,9549,3391,6,2392,999,0.3551,0,1,0,5,0,Bridge,Redbridge,E05011236,E09000026
Redbridge,Chadwell,2022-05-05,3,10777,3101,12,2111,990,0.2877,0,2,0,10,0,Chadwell,Redbridge,E05011237,E09000026
Redbridge,Churchfields,2022-05-05,3,10672,4873,15,3516,1357,0.4566,0,2,0,13,0,Churchfields,Redbridge,E05011238,E09000026
Redbridge,Clayhall,2022-05-05,3,9986,3513,10,2398,1115,0.3518,0,2,0,8,0,Clayhall,Redbridge,E05011239,E09000026
Redbridge,Clementswood,2022-05-05,3,8927,2469,6,1691,778,0.2766,0,4,0,2,0,Clementswood,Redbridge,E05011240,E09000026
Redbridge,Cranbrook,2022-05-05,3,9376,2754,20,2016,738,0.2937,0,3,2,15,0,Cranbrook,Redbridge,E05011241,E09000026
Redbridge,Fairlop,2022-05-05,3,10104,3483,14,2281,1202,0.3447,0,4,0,10,0,Fairlop,Redbridge,E05011242,E09000026
Redbridge,Fullwell,2022-05-05,3,11186,3680,27,2395,1285,0.329,0,7,2,18,0,Fullwell,Redbridge,E05011243,E09000026
Redbridge,Goodmayes,2022-05-05,3,9879,2475,21,1760,715,0.2505,0,9,0,12,0,Goodmayes,Redbridge,E05011244,E09000026
Redbridge,Hainault,2022-05-05,3,10571,3480,29,2277,1203,0.3292,0,8,0,21,0,Hainault,Redbridge,E05011245,E09000026
Redbridge,Ilford Town,2022-05-05,2,7136,1902,6,1365,537,0.2665,0,1,0,5,0,Ilford Town,Redbridge,E05011246,E09000026
Redbridge,Loxford,2022-05-05,3,9137,2393,7,1680,713,0.2619,0,2,0,5,0,Loxford,Redbridge,E05011247,E09000026
Redbridge,Mayfield,2022-05-05,3,10196,3086,12,2145,941,0.3027,0,8,0,4,0,Mayfield,Redbridge,E05011248,E09000026
Redbridge,Monkhams,2022-05-05,2,7225,2942,12,1715,1227,0.4072,0,4,0,8,0,Monkhams,Redbridge,E05011249,E09000026
Redbridge,Newbury,2022-05-05,3,9735,3035,14,2151,884,0.3118,0,5,0,9,0,Newbury,Redbridge,E05011250,E09000026
Redbridge,Seven Kings,2022-05-05,3,9878,2716,9,1981,735,0.275,0,6,0,3,0,Seven Kings,Redbridge,E05011251,E09000026
Redbridge,South Woodford,2022-05-05,3,9027,3925,8,2713,1212,0.4348,0,2,0,6,0,South Woodford,Redbridge,E05011252,E09000026
Redbridge,Valentines,2022-05-05,3,10170,2646,14,1792,854,0.2602,0,2,0,12,0,Valentines,Redbridge,E05011253,E09000026
Redbridge,Wanstead Park,2022-05-05,2,5917,2651,14,1971,680,0.448,0,4,0,10,0,Wanstead Park,Redbridge,E05011254,E09000026
Redbridge,Wanstead Village,2022-05-05,3,9570,4082,22,2923,1159,0.4265,0,4,5,13,0,Wanstead Village,Redbridge,E05011255,E09000026
Richmond upon Thames,Barnes,2022-05-05,3,7548,3810,16,2566,1244,0.5047694753577106,0,2,0,14,0,Barnes,Richmond upon Thames,E05013774,E09000027
Richmond upon Thames,East Sheen,2022-05-05,3,7461,3845,25,2709,1136,0.5153464683018363,0,2,0,23,0,East Sheen,Richmond upon Thames,E05013775,E09000027
Richmond upon Thames,Fulwell & Hampton Hill,2022-05-05,3,7903,3734,12,2528,1206,0.4724788055168922,0,3,0,9,0,Fulwell & Hampton Hill,Richmond upon Thames,E05013776,E09000027
Richmond upon Thames,"Ham, Petersham & Richmond Riverside",2022-05-05,3,7443,3311,18,2182,1129,0.4448475077253795,0,2,0,16,0,"Ham, Petersham & Richmond Riverside",Richmond upon Thames,E05013777,E09000027
Richmond upon Thames,Hampton,2022-05-05,3,7336,3650,23,2406,1244,0.497546346782988,0,3,0,20,0,Hampton,Richmond upon Thames,E05013778,E09000027
Richmond upon Thames,Hampton North,2022-05-05,3,7338,3341,8,2152,1189,0.4553011719814663,0,2,0,6,0,Hampton North,Richmond upon Thames,E05013779,E09000027
Richmond upon Thames,Hampton Wick & South Teddington,2022-05-05,3,8073,3954,25,2624,1330,0.4897807506503158,0,3,0,22,0,Hampton Wick & South Teddington,Richmond upon Thames,E05013780,E09000027
Richmond upon Thames,Heathfield,2022-05-05,3,7323,3130,11,2111,1019,0.4274204560972279,0,3,0,8,0,Heathfield,Richmond upon Thames,E05013781,E09000027
Richmond upon Thames,Kew,2022-05-05,3,8627,4104,21,2741,1363,0.21,0,1,0,20,0,Kew,Richmond upon Thames,E05013782,E09000027
Richmond upon Thames,Mortlake & Barnes Common,2022-05-05,3,8237,3925,12,2753,1172,0.4765084375379386,0,2,0,10,0,Mortlake & Barnes Common,Richmond upon Thames,E05013783,E09000027
Richmond upon Thames,North Richmond,2022-05-05,3,7571,3504,19,2279,1225,0.4628186501122705,0,0,0,19,0,North Richmond,Richmond upon Thames,E05013784,E09000027
Richmond upon Thames,South Richmond,2022-05-05,3,7815,3779,19,2421,1358,0.4835572616762635,0,0,0,19,0,South Richmond,Richmond upon Thames,E05013786,E09000027
Richmond upon Thames,South Twickenham,2022-05-05,3,7472,3767,10,2623,1144,0.5041488222698073,0,0,0,10,0,South Twickenham,Richmond upon Thames,E05013787,E09000027
Richmond upon Thames,St Margarets & North Twickenham,2022-05-05,3,8311,3939,19,2811,1128,0.4739501864998195,0,0,0,19,0,St Margarets & North Twickenham,Richmond upon Thames,E05013785,E09000027
Richmond upon Thames,Teddington,2022-05-05,3,7927,3907,24,2614,1293,0.4928724612085278,0,4,0,20,0,Teddington,Richmond upon Thames,E05013788,E09000027
Richmond upon Thames,Twickenham Riverside,2022-05-05,3,7840,3694,16,2560,1134,0.471173469387755,0,4,1,11,0,Twickenham Riverside,Richmond upon Thames,E05013789,E09000027
Richmond upon Thames,West Twickenham,2022-05-05,3,7816,3547,19,2465,1082,0.4538126919140225,0,1,0,18,0,West Twickenham,Richmond upon Thames,E05013790,E09000027
Richmond upon Thames,Whitton,2022-05-05,3,7560,3614,15,2519,1095,0.4780423280423281,0,1,0,14,0,Whitton,Richmond upon Thames,E05013791,E09000027
Southwark,Borough & Bankside,2022-05-05,3,6382,2213,11,1122,1091,0.3468,0,2,0,9,0,Borough & Bankside,Southwark,E05011095,E09000028
Southwark,Camberwell Green,2022-05-05,3,10922,3300,16,1655,1645,0.3021,0,5,0,11,0,Camberwell Green,Southwark,E05011096,E09000028
Southwark,Champion Hill,2022-05-05,2,6762,2481,6,1341,1140,0.3669,0,2,0,4,0,Champion Hill,Southwark,E05011097,E09000028
Southwark,Chaucer,2022-05-05,3,9986,2878,13,1553,1325,0.2882,0,3,0,10,0,Chaucer,Southwark,E05011098,E09000028
Southwark,Dulwich Hill,2022-05-05,2,6962,2713,11,1612,1101,0.3897,0,0,0,11,0,Dulwich Hill,Southwark,E05011099,E09000028
Southwark,Dulwich Village,2022-05-05,2,7658,4645,11,2839,1806,0.6066,0,2,0,9,0,Dulwich Village,Southwark,E05011100,E09000028
Southwark,Dulwich Wood,2022-05-05,2,7358,3126,6,1577,1549,0.4248,0,1,0,5,0,Dulwich Wood,Southwark,E05011101,E09000028
Southwark,Faraday,2022-05-05,3,7783,2325,8,1203,1122,0.2987,0,6,0,2,0,Faraday,Southwark,E05011102,E09000028
Southwark,Goose Green,2022-05-05,3,10501,4186,12,2573,1613,0.3986,0,0,0,12,0,Goose Green,Southwark,E05011103,E09000028
Southwark,London Bridge & West Bermondsey,2022-05-05,3,10595,3552,26,1922,1630,0.3353,0,6,0,20,0,London Bridge & West Bermondsey,Southwark,E05011104,E09000028
Southwark,Newington,2022-05-05,3,10233,3236,23,1835,1401,0.3162,0,9,0,14,0,Newington,Southwark,E05011105,E09000028
Southwark,North Bermondsey,2022-05-05,3,11319,3718,13,1761,1957,0.3285,0,7,0,6,0,North Bermondsey,Southwark,E05011106,E09000028
Southwark,North Walworth,2022-05-05,3,10654,3149,18,1627,1522,0.2956,0,4,1,13,0,North Walworth,Southwark,E05011107,E09000028
Southwark,Nunhead & Queen’s Road,2022-05-05,3,11581,3949,14,2397,1552,0.341,0,5,1,8,0,Nunhead & Queen's Road,Southwark,E05011108,E09000028
Southwark,Old Kent Road,2022-05-05,3,11899,3240,20,1590,1650,0.2723,0,6,0,14,0,Old Kent Road,Southwark,E05011109,E09000028
Southwark,Peckham,2022-05-05,3,10469,2701,16,1427,1274,0.258,0,0,4,12,0,Peckham,Southwark,E05011110,E09000028
Southwark,Peckham Rye,2022-05-05,2,7300,2877,17,1844,1033,0.3941,0,4,0,13,0,Peckham Rye,Southwark,E05011111,E09000028
Southwark,Rotherhithe,2022-05-05,3,10771,3363,22,1732,1631,0.3122,0,5,0,17,0,Rotherhithe,Southwark,E05011112,E09000028
Southwark,Rye Lane,2022-05-05,3,10791,3446,11,2048,1398,0.3193,0,1,0,10,0,Rye Lane,Southwark,E05011113,E09000028
Southwark,South Bermondsey,2022-05-05,3,11160,3769,21,2090,1679,0.3377,0,8,0,13,0,South Bermondsey,Southwark,E05011116,E09000028
Southwark,St George’s,2022-05-05,2,5572,2126,5,1189,937,0.3816,0,2,0,3,0,St George's,Southwark,E05011114,E09000028
Southwark,St Giles,2022-05-05,3,11314,3819,10,2192,1627,0.3375,0,1,0,9,0,St Giles,Southwark,E05011115,E09000028
Southwark,Surrey Docks,2022-05-05,3,9984,3202,14,1612,1590,0.3207,0,3,7,4,0,Surrey Docks,Southwark,E05011117,E09000028
Sutton,Beddington,2022-05-05,3,8340,3229,0,2057,1172,0.3872,0,0,0,4,0,Beddington,Sutton,E05013754,E09000029
Sutton,Belmont,2022-05-05,3,8535,3480,0,2128,1352,0.4077,0,1,0,16,0,Belmont,Sutton,E05013755,E09000029
Sutton,Carshalton Central,2022-05-05,3,8814,4053,0,2762,1291,0.4598,0,1,1,8,0,Carshalton Central,Sutton,E05013756,E09000029
Sutton,Carshalton South & Clockhouse,2022-05-05,3,7692,3649,0,2377,1272,0.4744,0,1,0,11,0,Carshalton South & Clockhouse,Sutton,E05013757,E09000029
Sutton,Cheam,2022-05-05,3,8445,3529,0,2028,1501,0.4179,0,0,0,17,0,Cheam,Sutton,E05013758,E09000029
Sutton,Hackbridge,2022-05-05,2,4834,1922,0,1432,490,0.3976,0,3,0,11,0,Hackbridge,Sutton,E05013759,E09000029
Sutton,North Cheam,2022-05-05,3,8732,3577,0,2356,1221,0.4096,0,3,0,15,0,North Cheam,Sutton,E05013760,E09000029
Sutton,South Beddington & Roundshaw,2022-05-05,3,8068,3032,0,1983,1049,0.3758,0,3,0,4,0,South Beddington & Roundshaw,Sutton,E05013763,E09000029
Sutton,St Helier East,2022-05-05,2,5765,1600,0,1045,555,0.5379,0,4,0,8,0,St Helier East,Sutton,E05013761,E09000029
Sutton,St Helier West,2022-05-05,3,8542,2529,0,1612,917,0.2961,0,3,0,12,0,St Helier West,Sutton,E05013762,E09000029
Sutton,Stonecot,2022-05-05,2,5810,2295,0,1492,803,0.395,0,2,0,10,0,Stonecot,Sutton,E05013764,E09000029
Sutton,Sutton Central,2022-05-05,3,8471,2877,0,2095,782,0.3396,0,1,0,14,0,Sutton Central,Sutton,E05013765,E09000029
Sutton,Sutton North,2022-05-05,3,8238,3378,0,2221,1157,0.4101,0,0,0,13,0,Sutton North,Sutton,E05013766,E09000029
Sutton,Sutton South,2022-05-05,3,8805,3668,0,2273,1395,0.4166,0,3,0,21,0,Sutton South,Sutton,E05013767,E09000029
Sutton,Sutton West & East Cheam,2022-05-05,3,8331,3459,0,2306,1153,0.4152,0,2,1,12,0,Sutton West & East Cheam,Sutton,E05013768,E09000029
Sutton,The Wrythe,2022-05-05,3,7890,3275,0,2127,1148,0.4151,0,1,0,8,0,The Wrythe,Sutton,E05013769,E09000029
Sutton,Wallington North,2022-05-05,3,8710,3432,0,2298,1134,0.394,0,2,0,9,0,Wallington North,Sutton,E05013770,E09000029
Sutton,Wallington South,2022-05-05,3,8350,3382,0,2205,1177,0.405,0,2,0,2,0,Wallington South,Sutton,E05013771,E09000029
Sutton,Worcester Park North,2022-05-05,2,5803,2696,0,1930,779,0.4645872824401171,0,5,0,8,0,Worcester Park North,Sutton,E05013772,E09000029
Sutton,Worcester Park South,2022-05-05,2,5567,2391,0,1525,866,0.4295,0,2,0,16,0,Worcester Park South,Sutton,E05013773,E09000029
Tower Hamlets,Bethnal Green East,2022-05-05,3,13778,5906,47,4782,1124,0.4287,0,21,0,26,0,Bethnal Green,Tower Hamlets,E05009317,E09000030
Tower Hamlets,Bethnal Green West,2022-05-05,3,13850,6102,48,4862,1240,0.4406,0,21,0,27,0,St Peter's,Tower Hamlets,E05009331,E09000030
Tower Hamlets,Blackwall & Cubitt Town,2022-05-05,3,14091,4602,57,3273,1329,0.3266,0,16,0,41,0,Blackwall & Cubitt Town,Tower Hamlets,E05009318,E09000030
Tower Hamlets,Bow East,2022-05-05,3,14292,5547,35,4482,1065,0.3881,0,15,1,19,0,Bow East,Tower Hamlets,E05009319,E09000030
Tower Hamlets,Bow West,2022-05-05,2,9036,4165,32,3368,797,0.4609,0,13,0,19,0,Bow West,Tower Hamlets,E05009320,E09000030
Tower Hamlets,Bromley North,2022-05-05,2,7887,3434,45,2818,616,0.4354,0,19,0,26,0,Bromley North,Tower Hamlets,E05009321,E09000030
Tower Hamlets,Bromley South,2022-05-05,2,9085,4018,45,3313,705,0.4423,0,28,0,17,0,Bromley South,Tower Hamlets,E05009322,E09000030
Tower Hamlets,Canary Wharf,2022-05-05,2,11389,3676,26,2612,1064,0.3228,0,9,0,17,0,Canary Wharf,Tower Hamlets,E05009323,E09000030
Tower Hamlets,Island Gardens,2022-05-05,2,9840,3948,39,3017,931,0.4012,0,12,0,27,0,Island Gardens,Tower Hamlets,E05009324,E09000030
Tower Hamlets,Lansbury,2022-05-05,3,13330,5510,74,4486,1024,0.4134,0,33,0,41,0,Lansbury,Tower Hamlets,E05009325,E09000030
Tower Hamlets,Limehouse,2022-05-05,1,4668,1833,12,1378,455,0.3927,0,5,0,7,0,Limehouse,Tower Hamlets,E05009326,E09000030
Tower Hamlets,Mile End,2022-05-05,3,13885,5940,62,4807,1133,0.4278,0,27,0,35,0,Mile End,Tower Hamlets,E05009327,E09000030
Tower Hamlets,Poplar,2022-05-05,1,4940,2186,48,1764,422,0.4425,0,35,0,13,0,Poplar,Tower Hamlets,E05009328,E09000030
Tower Hamlets,Shadwell,2022-05-05,2,8591,4293,40,3390,903,0.4997,0,21,0,19,0,Shadwell,Tower Hamlets,E05009332,E09000030
Tower Hamlets,Spitalfields & Banglatown,2022-05-05,2,9032,3739,49,2799,940,0.414,0,32,0,17,0,Spitalfields & Banglatown,Tower Hamlets,E05009333,E09000030
Tower Hamlets,St Dunstan's,2022-05-05,2,9263,4752,51,3843,909,0.513,0,32,0,19,0,St Dunstan's,Tower Hamlets,E05009329,E09000030
Tower Hamlets,St Katharine's & Wapping,2022-05-05,2,8843,3618,16,2648,970,0.4090999999999999,0,3,0,13,0,St Katharine's & Wapping,Tower Hamlets,E05009330,E09000030
Tower Hamlets,Stepney Green,2022-05-05,2,8270,4104,62,3303,801,0.4963,0,42,0,20,0,Stepney Green,Tower Hamlets,E05009334,E09000030
Tower Hamlets,Weavers,2022-05-05,2,9221,3787,33,2873,914,0.4107,0,16,0,17,0,Weavers,Tower Hamlets,E05009335,E09000030
Tower Hamlets,Whitechapel,2022-05-05,3,11898,4694,42,3542,1152,0.3945,0,15,0,27,0,Whitechapel,Tower Hamlets,E05009336,E09000030
Waltham Forest,Cann Hall,2022-05-05,3,10641,2769,0,2066,703,0.2598,0,2,0,9,0,Cann Hall,Waltham Forest,E05013882,E09000031
Waltham Forest,Cathall,2022-05-05,2,6933,1731,0,1258,473,0.2494,0,0,0,0,12,Cathall,Waltham Forest,E05013883,E09000031
Waltham Forest,Chapel End,2022-05-05,3,9484,3037,0,2266,771,0.3195,0,2,1,10,0,Chapel End,Waltham Forest,E05013884,E09000031
Waltham Forest,Chingford Green,2022-05-05,3,8719,3776,0,2566,1210,0.432,6,1,0,0,0,Chingford Green,Waltham Forest,E05013885,E09000031
Waltham Forest,Endlebury,2022-05-05,2,6613,2685,0,1823,862,0.4057,9,6,0,0,0,Endlebury,Waltham Forest,E05013886,E09000031
Waltham Forest,Forest,2022-05-05,3,10550,3159,0,2281,878,0.2995,0,7,0,10,0,Forest,Waltham Forest,E05013887,E09000031
Waltham Forest,Grove Green,2022-05-05,3,9982,3046,0,2348,698,0.3046,0,1,0,6,0,Grove Green,Waltham Forest,E05013888,E09000031
Waltham Forest,Hale End & Highams Park South,2022-05-05,2,6552,3082,0,2316,766,0.4699,0,2,1,5,0,Hale End & Highams Park South,Waltham Forest,E05013889,E09000031
Waltham Forest,Hatch Lane & Highams Park North,2022-05-05,3,9554,3553,0,2539,1014,0.3711,0,0,0,12,0,Hatch Lane & Highams Park North,Waltham Forest,E05013890,E09000031
Waltham Forest,High Street,2022-05-05,3,7603,2341,0,1794,547,0.3075,0,2,0,5,0,High Street,Waltham Forest,E05013891,E09000031
Waltham Forest,Higham Hill,2022-05-05,3,9600,2672,0,2119,553,0.2781,0,4,0,8,0,Higham Hill,Waltham Forest,E05013892,E09000031
Waltham Forest,Hoe Street,2022-05-05,3,9773,3216,0,2413,803,0.3285,0,6,0,10,0,Hoe Street,Waltham Forest,E05013893,E09000031
Waltham Forest,Larkswood,2022-05-05,3,9356,3573,0,2494,1079,0.3814,0,2,1,0,0,Larkswood,Waltham Forest,E05013894,E09000031
Waltham Forest,Lea Bridge,2022-05-05,3,9860,2817,0,2241,576,0.2851,0,3,0,9,0,Lea Bridge,Waltham Forest,E05013895,E09000031
Waltham Forest,Leyton,2022-05-05,3,9421,2422,0,1726,696,0.2564,0,5,0,9,0,Leyton,Waltham Forest,E05013896,E09000031
Waltham Forest,Leytonstone,2022-05-05,3,9112,2985,0,2229,756,0.327,0,5,0,9,0,Leytonstone,Waltham Forest,E05013897,E09000031
Waltham Forest,Markhouse,2022-05-05,2,6742,1871,0,1368,503,0.3868999999999999,0,4,0,8,0,Markhouse,Waltham Forest,E05013898,E09000031
Waltham Forest,St James,2022-05-05,3,8779,2921,0,2285,636,0.332,0,1,0,19,0,St James,Waltham Forest,E05013899,E09000031
Waltham Forest,Upper Walthamstow,2022-05-05,2,5658,2143,0,1618,525,0.3778,0,6,0,7,0,Upper Walthamstow,Waltham Forest,E05013900,E09000031
Waltham Forest,Valley,2022-05-05,3,9944,3828,0,2731,1097,0.3846,0,3,0,11,0,Valley,Waltham Forest,E05013901,E09000031
Waltham Forest,William Morris,2022-05-05,3,9871,3464,0,2704,760,0.3504,0,5,0,13,0,William Morris,Waltham Forest,E05013902,E09000031
Waltham Forest,Wood Street,2022-05-05,2,6324,2233,0,1748,485,0.3519,0,2,1,4,0,Wood Street,Waltham Forest,E05013903,E09000031
Wandsworth,Balham,2022-05-05,3,12462,5261,0,3364,1897,0.4221999999999999,0,0,0,7,0,Balham,Wandsworth,E05014009,E09000032
Wandsworth,Battersea Park,2022-05-05,3,12826,4179,0,2449,1730,0.3258,0,2,0,4,0,Battersea Park,Wandsworth,E05014010,E09000032
Wandsworth,East Putney,2022-05-05,3,12297,5073,0,3412,1661,0.4125,0,3,1,10,0,East Putney,Wandsworth,E05014011,E09000032
Wandsworth,Falconbrook,2022-05-05,2,7696,2348,0,1509,839,0.3051,0,4,0,13,0,Falconbrook,Wandsworth,E05014012,E09000032
Wandsworth,Furzedown,2022-05-05,3,12112,4715,0,3488,1227,0.3893,0,3,0,13,0,Furzedown,Wandsworth,E05014013,E09000032
Wandsworth,Lavender,2022-05-05,2,8610,3272,0,2174,1098,0.38,0,3,0,4,0,Lavender,Wandsworth,E05014014,E09000032
Wandsworth,Nine Elms,2022-05-05,2,2847,886,0,521,365,0.3112,0,2,0,2,0,Nine Elms,Wandsworth,E05014015,E09000032
Wandsworth,Northcote,2022-05-05,2,8695,4210,0,2783,1427,0.4842,0,2,0,11,0,Northcote,Wandsworth,E05014016,E09000032
Wandsworth,Roehampton,2022-05-05,3,11133,3743,0,2185,1558,0.3362,0,4,0,11,0,Roehampton,Wandsworth,E05014017,E09000032
Wandsworth,Shaftesbury & Queenstown,2022-05-05,3,10917,3425,0,2117,1308,0.3137,0,6,0,11,0,Shaftesbury & Queenstown,Wandsworth,E05014019,E09000032
Wandsworth,South Balham,2022-05-05,2,7633,3543,0,2382,1161,0.4642,0,2,0,6,0,South Balham,Wandsworth,E05014020,E09000032
Wandsworth,Southfields,2022-05-05,2,8863,4205,0,2853,1352,0.4744,0,2,0,6,0,Southfields,Wandsworth,E05014021,E09000032
Wandsworth,St Mary's,2022-05-05,3,10327,4075,0,2555,1520,0.3946,0,1,0,2,0,St Mary's,Wandsworth,E05014018,E09000032
Wandsworth,Thamesfield,2022-05-05,3,11979,5335,0,3626,1709,0.4454,0,2,0,8,0,Thamesfield,Wandsworth,E05014022,E09000032
Wandsworth,Tooting Bec,2022-05-05,3,12146,4491,0,3152,1339,0.3697999999999999,0,0,0,0,0,Tooting Bec,Wandsworth,E05014023,E09000032
Wandsworth,Tooting Broadway,2022-05-05,3,11923,4093,0,2948,1145,0.3433,0,2,0,8,0,Tooting Broadway,Wandsworth,E05014024,E09000032
Wandsworth,Trinity,2022-05-05,2,8198,4287,0,2927,1360,0.5229,0,1,0,10,0,Trinity,Wandsworth,E05014025,E09000032
Wandsworth,Wandle,2022-05-05,2,7546,3586,0,2388,1198,0.4752,0,2,0,10,0,Wandle,Wandsworth,E05014026,E09000032
Wandsworth,Wandsworth Common,2022-05-05,3,11250,5258,0,3356,1902,0.4674,0,0,0,16,0,Wandsworth Common,Wandsworth,E05014027,E09000032
Wandsworth,Wandsworth Town,2022-05-05,3,13010,5827,0,3912,1915,0.4478999999999999,0,5,1,12,0,Wandsworth Town,Wandsworth,E05014028,E09000032
Wandsworth,West Hill,2022-05-05,3,11408,5573,0,3527,2046,0.4885,0,6,1,8,0,West Hill,Wandsworth,E05014029,E09000032
Wandsworth,West Putney,2022-05-05,3,12025,5772,0,3117,2655,0.48,0,4,0,10,0,West Putney,Wandsworth,E05014030,E09000032
Westminster,Abbey Road,2022-05-05,3,7803,2464,10,1530,934,0.3157999999999999,0,4,0,6,0,Abbey Road,Westminster,E05013792,E09000033
Westminster,Bayswater,2022-05-05,3,8002,2705,13,1849,856,0.3379999999999999,0,1,0,12,0,Bayswater,Westminster,E05013793,E09000033
Westminster,Church Street,2022-05-05,3,7204,1862,17,1290,572,0.2585,0,3,0,14,0,Church Street,Westminster,E05013794,E09000033
Westminster,Harrow Road,2022-05-05,3,7628,2109,14,1628,481,0.2764999999999999,0,0,0,14,0,Harrow Road,Westminster,E05013795,E09000033
Westminster,Hyde Park,2022-05-05,3,6133,1810,0,1131,679,0.2951,3,1,7,0,11,Hyde Park,Westminster,E05013796,E09000033
Westminster,Knightsbridge & Belgravia,2022-05-05,3,6927,2019,6,1106,913,0.2915,0,1,0,5,0,Knightsbridge & Belgravia,Westminster,E05013797,E09000033
Westminster,Lancaster Gate,2022-05-05,3,7069,2528,11,1793,735,0.3576,0,1,0,10,0,Lancaster Gate,Westminster,E05013798,E09000033
Westminster,Little Venice,2022-05-05,3,6600,2480,13,1712,768,0.3756,0,7,0,6,0,Little Venice,Westminster,E05013799,E09000033
Westminster,Maida Vale,2022-05-05,3,7536,2564,21,1851,713,0.3402,1,4,0,16,0,Maida Vale,Westminster,E05013800,E09000033
Westminster,Marylebone,2022-05-05,3,8147,2612,10,1629,983,0.3206,0,1,0,9,0,Marylebone,Westminster,E05013801,E09000033
Westminster,Pimlico North,2022-05-05,3,7905,2760,20,1915,845,0.3490999999999999,0,4,0,16,0,Pimlico North,Westminster,E05013802,E09000033
Westminster,Pimlico South,2022-05-05,3,7473,3076,14,2259,817,0.4115999999999999,0,3,0,11,0,Pimlico South,Westminster,E05013803,E09000033
Westminster,Queen's Park,2022-05-05,3,8350,2222,15,1733,489,0.2661,0,1,0,14,0,Queen's Park,Westminster,E05013804,E09000033
Westminster,Regent's Park,2022-05-05,3,7495,2228,7,1400,828,0.2973,0,1,0,6,0,Regent's Park,Westminster,E05013805,E09000033
Westminster,St James's,2022-05-05,3,6943,2057,16,1345,712,0.2963,0,2,0,14,0,St James's,Westminster,E05013806,E09000033
Westminster,Vincent Square,2022-05-05,3,7637,2995,18,2052,943,0.3922,0,3,0,15,0,Vincent Square,Westminster,E05013807,E09000033
Westminster,West End,2022-05-05,3,7509,2365,16,1680,685,0.315,0,2,0,14,0,West End,Westminster,E05013808,E09000033
Westminster,Westbourne,2022-05-05,3,7489,1822,15,1308,514,0.2433,0,4,0,11,0,Westbourne,Westminster,E05013809,E09000033
Kensington & Chelsea,Abingdon,2022-05-05,3,5309,1707,8,1609,98,0.322,0,3,0,5,0,Abingdon,Kensington & Chelsea,E05009388,E09000020
Kensington & Chelsea,Brompton and Hans Town,2022-05-05,3,5627,1627,9,1520,107,0.289,0,1,0,8,0,Brompton & Hans Town,Kensington & Chelsea,E05009389,E09000020
Kensington & Chelsea,Campden,2022-05-05,3,5370,1914,7,1802,112,0.356,0,2,0,5,0,Campden,Kensington & Chelsea,E05009390,E09000020
Kensington & Chelsea,Chelsea Riverside,2022-05-05,3,6004,2154,16,2050,104,0.359,0,5,0,11,0,Chelsea Riverside,Kensington & Chelsea,E05009391,E09000020
Kensington & Chelsea,Colville,2022-05-05,3,6252,1852,14,1756,96,0.296,0,2,0,12,0,Colville,Kensington & Chelsea,E05009392,E09000020
Kensington & Chelsea,Courtfield,2022-05-05,3,5472,1793,10,1611,182,0.328,0,1,0,9,0,Courtfield,Kensington & Chelsea,E05009393,E09000020
Kensington & Chelsea,Dalgarno,2022-05-05,2,4547,1440,13,1366,74,0.317,1,4,0,8,0,Dalgarno,Kensington & Chelsea,E05009394,E09000020
Kensington & Chelsea,Earl's Court,2022-05-05,3,6002,2052,5,1946,106,0.342,0,3,0,2,0,Earl's Court,Kensington & Chelsea,E05009395,E09000020
Kensington & Chelsea,Golborne,2022-05-05,3,5883,1499,9,1398,101,0.255,0,3,0,6,0,Golborne,Kensington & Chelsea,E05009396,E09000020
Kensington & Chelsea,Holland,2022-05-05,3,5605,2012,13,1892,120,0.359,0,1,0,12,0,Holland,Kensington & Chelsea,E05009397,E09000020
Kensington & Chelsea,Norland,2022-05-05,2,3841,1599,9,1511,88,0.416,0,2,0,7,0,Norland,Kensington & Chelsea,E05009398,E09000020
Kensington & Chelsea,Notting Dale,2022-05-05,3,5725,1754,11,1657,97,0.306,0,3,0,8,0,Notting Dale,Kensington & Chelsea,E05009399,E09000020
Kensington & Chelsea,Pembridge,2022-05-05,2,3569,1302,3,1219,83,0.365,0,0,0,3,0,Pembridge,Kensington & Chelsea,E05009400,E09000020
Kensington & Chelsea,Queen's Gate,2022-05-05,3,4714,1637,8,1531,106,0.347,0,0,0,8,0,Queen's Gate,Kensington & Chelsea,E05009401,E09000020
Kensington & Chelsea,Redcliffe,2022-05-05,3,6117,1869,7,1772,97,0.306,0,2,0,5,0,Redcliffe,Kensington & Chelsea,E05009402,E09000020
Kensington & Chelsea,Royal Hospital,2022-05-05,3,6147,2011,15,1802,209,0.327,0,7,0,8,0,Royal Hospital,Kensington & Chelsea,E05009403,E09000020
Kensington & Chelsea,St Helen's,2022-05-05,2,4296,1556,7,1462,94,0.362,0,1,0,6,0,St Helen's,Kensington & Chelsea,E05009404,E09000020
Kensington & Chelsea,Stanley,2022-05-05,3,6114,1843,5,1683,160,0.301,5,0,0,0,0,Stanley,Kensington & Chelsea,E05009405,E09000020
